"","id","title","artist","mood","mood.cod","tempo","tempo.cod","genre","genre.cod","artist_type","artist_type.cod","durationSeg","durationSeg.cod","chart_date","agnioChar_date.numero","anioNacimiento","anioNacimiento.numero","age","age.cod","top"
"1",0,"Small Town Throwdown","BRANTLEY GILBERT featuring JUSTIN MOORE & THOMAS RHETT","Brooding",4,"Medium Tempo",1,"Traditional",2,"Male",3,191,2,20140628,2014,"1975",1975,39,4,"0"
"2",1,"Bang Bang","JESSIE J, ARIANA GRANDE & NICKI MINAJ","Energizing",6,"Medium Tempo",1,"Pop",3,"Female",2,368,6,20140816,2014,"1989",1989,25,1,"0"
"3",2,"Timber","PITBULL featuring KE$HA","Excited",5,"Medium Tempo",1,"Urban",3,"Mixed",1,223,3,20140118,2014,"1993",1993,21,NA,"1"
"4",3,"Sweater Weather","THE NEIGHBOURHOOD","Brooding",4,"Medium Tempo",1,"Alternative & Punk",1,"Male",3,206,2,20140104,2014,"1989",1989,25,1,"0"
"5",4,"Automatic","MIRANDA LAMBERT","Yearning",4,"Medium Tempo",1,"Traditional",2,"Female",2,232,3,20140301,2014,"0",1982,32,3,"0"
"6",5,"Where Is At (Yep Yep)","DUSTIN LYNCH","Upbeat",5,"Medium Tempo",1,"Traditional",2,"Male",3,219,3,20140531,2014,"1990",1990,24,1,"0"
"7",6,"Single Ladies (Put A Ring On It)","BEYONCE","Cool",5,"Slow Tempo",0,"Urban",3,"Female",2,43,0,20081213,2008,"1981",1981,27,2,"1"
"8",7,"Me And My Broken Heart","RIXTON","Urgent",3,"Fast Tempo",2,"Pop",3,"Male",3,557,6,20140412,2014,"1973",1973,41,4,"0"
"9",8,"I Luh Ya Papi","JENNIFER LOPEZ featuring FRENCH MONTANA","Aggressive",4,"Medium Tempo",1,"Urban",3,"Female",2,182,2,20140329,2014,"1969",1969,45,5,"0"
"10",9,"Chocolate","THE 1975","Yearning",4,"Medium Tempo",1,"Alternative & Punk",1,"Male",3,347,6,20140208,2014,"0",1982,32,3,"0"
"11",10,"Fancy","IGGY AZALEA featuring CHARLI XCX","Energizing",6,"Medium Tempo",1,"Urban",3,"Female",2,197,2,20140607,2014,"1974",1974,40,4,"1"
"12",11,"Take Me To Church","HOZIER","Sophisticated",4,"Medium Tempo",1,"Alternative & Punk",1,"Male",3,223,3,20140830,2014,"0",1982,32,3,"0"
"13",12,"Confident","JUSTIN BIEBER featuring CHANCE THE RAPPER","Energizing",6,"Fast Tempo",2,"Pop",3,"Male",3,258,4,20140215,2014,"1992",1992,22,1,"0"
"14",13,"V. 3005","CHILDISH GAMBINO","Defiant",3,"Medium Tempo",1,"Urban",3,"Male",3,302,6,20140628,2014,"0",1982,32,3,"0"
"15",14,"Lifestyle","RICH GANG featuring YOUNG THUG & RICH HOMIE QUAN","Sensual",2,"Medium Tempo",1,"Urban",3,"Female",2,182,2,20140802,2014,"1977",1977,37,4,"0"
"16",15,"Teenage Dream","KATY PERRY","Excited",5,"Medium Tempo",1,"Pop",3,"Female",2,235,3,20100918,2010,"1984",1984,26,1,"1"
"17",16,"Hello Kitty","AVRIL LAVIGNE","Aggressive",4,"Medium Tempo",1,"Pop",3,"Female",2,222,3,20140510,2014,"1984",1984,30,2,"0"
"18",17,"Underneath The Tree","KELLY CLARKSON","Yearning",4,"Medium Tempo",1,"Pop",3,"Female",2,199,2,20140104,2014,"1985",1985,29,2,"0"
"19",18,"Know Yourself","DRAKE","Cool",5,"Medium Tempo",1,"Urban",3,"Male",3,282,5,20150307,2015,"1986",1986,29,2,"0"
"20",19,"Drink A Beer","LUKE BRYAN","Empowering",6,"Medium Tempo",1,"Traditional",2,"Male",3,242,4,20140104,2014,"1976",1976,38,4,"0"
"21",20,"Glory","COMMON & JOHN LEGEND","Sophisticated",4,"Medium Tempo",1,"Urban",3,"Male",3,199,2,20150131,2015,"1985",1985,30,2,"0"
"22",21,"Anaconda","NICKI MINAJ","Defiant",3,"Medium Tempo",1,"Urban",3,"Female",2,364,6,20140823,2014,"1988",1988,26,1,"0"
"23",22,"Don't Forget About Us","MARIAH CAREY","Sensual",2,"Medium Tempo",1,"Urban",3,"Female",2,229,3,20051231,2005,"1970",1970,35,3,"1"
"24",23,"One More Night","MAROON 5","Energizing",6,"Medium Tempo",1,"Pop",3,"Male",3,314,6,20120929,2012,"1989",1989,23,1,"1"
"25",24,"Bobby Bitch","BOBBY SHMURDA","Defiant",3,"Medium Tempo",1,"Urban",3,"Male",3,315,6,20141101,2014,"1979",1979,35,3,"0"
"26",25,"Elastic Heart","SIA","Excited",5,"Medium Tempo",1,"Alternative & Punk",1,"Female",2,250,4,20150124,2015,"1985",1985,30,2,"0"
"27",26,"Thriller","MICHAEL JACKSON","Energizing",6,"Medium Tempo",1,"Urban",3,"Male",3,229,3,20141115,2014,"1958",1958,56,7,"0"
"28",27,"Doin' What She Likes","BLAKE SHELTON","Empowering",6,"Medium Tempo",1,"Traditional",2,"Male",3,195,2,20140201,2014,"0",1982,32,3,"0"
"29",28,"That's My Kind Of Night","LUKE BRYAN","Gritty",3,"Medium Tempo",1,"Traditional",2,"Male",3,285,5,20140104,2014,"1976",1976,38,4,"0"
"30",29,"Slow Motion","JUVENILE featuring SOULJA SLIM","Cool",5,"Medium Tempo",1,"Urban",3,"Male",3,235,3,20040807,2004,"1982",1982,22,1,"1"
"31",30,"Velvet","CHRIS JAMISON","Cool",5,"Slow Tempo",0,"Pop",3,"Male",3,239,3,20150103,2015,"1994",1994,21,NA,"0"
"32",31,"Take Your Time","SAM HUNT","Yearning",4,"Medium Tempo",1,"Traditional",2,"Male",3,197,2,20150117,2015,"1984",1984,31,2,"0"
"33",32,"No Mediocre","T.I. featuring IGGY AZALEA","Defiant",3,"Medium Tempo",1,"Urban",3,"Mixed",1,197,2,20140705,2014,"1988",1988,26,1,"0"
"34",33,"Something In The Water","CARRIE UNDERWOOD","Romantic",2,"Medium Tempo",1,"Traditional",2,"Female",2,184,2,20141018,2014,"0",1982,32,3,"0"
"35",34,"Fireball","PITBULL featuring JOHN RYAN","Excited",5,"Medium Tempo",1,"Urban",3,"Male",3,289,5,20140823,2014,"1981",1981,33,3,"0"
"36",35,"Blessings","BIG SEAN featuring DRAKE","Defiant",3,"Medium Tempo",1,"Urban",3,"Male",3,250,4,20150221,2015,"1986",1986,29,2,"0"
"37",36,"Work","IGGY AZALEA","Energizing",6,"Fast Tempo",2,"Pop",3,"Female",2,258,4,20140517,2014,"0",1982,32,3,"0"
"38",37,"Post To Be","OMARION featuring CHRIS BROWN & JHENE AIKO","Cool",5,"Slow Tempo",0,"Urban",3,"Mixed",1,143,0,20150124,2015,"0",1982,33,3,"0"
"39",38,"Take Me Home","CASH CASH featuring BEBE REXHA","Romantic",2,"Medium Tempo",1,"Traditional",2,"Male",3,271,5,20140201,2014,"0",1982,32,3,"0"
"40",39,"Tuesday","I LOVE MAKONNEN featuring DRAKE","Brooding",4,"Medium Tempo",1,"Alternative & Punk",1,"Male",3,234,3,20141011,2014,"1988",1988,26,1,"0"
"41",40,"Bad Day","DANIEL POWTER","Empowering",6,"Medium Tempo",1,"Pop",3,"Male",3,252,4,20060408,2006,"1971",1971,35,3,"1"
"42",41,"Roar","KATY PERRY","Yearning",4,"Medium Tempo",1,"Pop",3,"Female",2,277,5,20130914,2013,"1986",1986,27,2,"1"
"43",42,"Somebody","NATALIE LA ROSE featuring JEREMIH","Sensual",2,"Medium Tempo",1,"Pop",3,"Mixed",1,243,4,20150207,2015,"1987",1987,28,2,"0"
"44",43,"West Coast","LANA DEL REY","Yearning",4,"Medium Tempo",1,"Electronica",1,"Female",2,216,3,20140503,2014,"1981",1981,33,3,"0"
"45",44,"Nothin' On You","B.O.B featuring BRUNO MARS","Rowdy",4,"Medium Tempo",1,"Urban",3,"Male",3,131,0,20100501,2010,"1985",1985,25,1,"1"
"46",45,"Baby Don't Lie","GWEN STEFANI","Cool",5,"Medium Tempo",1,"Pop",3,"Female",2,1619,6,20141108,2014,"1969",1969,45,5,"0"
"47",46,"Gonna Know We Were Here","JASON ALDEAN","Yearning",4,"Medium Tempo",1,"Traditional",2,"Male",3,233,3,20141004,2014,"1977",1977,37,4,"0"
"48",47,"Harlem Shake","BAAUER","Energizing",6,"Fast Tempo",2,"Electronica",1,"Male",3,169,1,20130302,2013,"1988",1988,25,1,"1"
"49",48,"Main Chick","KID INK featuring CHRIS BROWN","Defiant",3,"Medium Tempo",1,"Urban",3,"Male",3,203,2,20140531,2014,"1988",1988,26,1,"0"
"50",49,"We Belong Together","MARIAH CAREY","Sensual",2,"Medium Tempo",1,"Urban",3,"Female",2,17,0,20050604,2005,"1987",1987,18,NA,"1"
"51",50,"No Flex Zone!!","RAE SREMMURD","Defiant",3,"Medium Tempo",1,"Urban",3,"Male",3,271,5,20140816,2014,"1995",1995,19,NA,"0"
"52",51,"Break Your Heart","TAIO CRUZ featuring LUDACRIS","Excited",5,"Medium Tempo",1,"Urban",3,"Male",3,233,3,20100320,2010,"1985",1985,25,1,"1"
"53",52,"The Big Bang","KATY TIZ","Urgent",3,"Medium Tempo",1,"Other",0,"Mixed",1,314,6,20140517,2014,"0",1982,32,3,"0"
"54",53,"Keep Your Money","EMPIRE CAST featuring JUSSIE SMOLLETT","Defiant",3,"Medium Tempo",1,"Soundtrack",0,"Mixed",1,244,4,20150228,2015,"1974",1974,41,4,"0"
"55",54,"Hot Boy","BOBBY SHMURDA","Excited",5,"Fast Tempo",2,"Pop",3,"Mixed",1,263,4,20140816,2014,"0",1982,32,3,"0"
"56",55,"Gas Pedal","SAGE THE GEMINI featuring IAMSU","Other",0,"Slow Tempo",0,"Urban",3,"Male",3,243,4,20140104,2014,"1974",1974,40,4,"0"
"57",56,"Roar","KATY PERRY","Yearning",4,"Medium Tempo",1,"Pop",3,"Female",2,220,3,20140104,2014,"1984",1984,30,2,"0"
"58",57,"Budapest","GEORGE EZRA","Fiery",4,"Medium Tempo",1,"Alternative & Punk",1,"Male",3,216,3,20150214,2015,"0",1982,33,3,"0"
"59",58,"We Might Be Dead By Tomorrow","SOKO","Sentimental",4,"Slow Tempo",0,"Alternative & Punk",1,"Female",2,205,2,20140329,2014,"1988",1988,26,1,"0"
"60",59,"Only","NICKI MINAJ featuring DRAKE, LIL WAYNE & CHRIS BROWN","Cool",5,"Medium Tempo",1,"Urban",3,"Mixed",1,185,2,20141115,2014,"1985",1985,29,2,"0"
"61",60,"All Of Me","JOHN LEGEND","Sophisticated",4,"Slow Tempo",0,"Urban",3,"Male",3,308,6,20140517,2014,"1978",1978,36,3,"1"
"62",61,"I Bet","CIARA","Sensual",2,"Medium Tempo",1,"Urban",3,"Female",2,197,2,20150214,2015,"1987",1987,28,2,"0"
"63",62,"Meanwhile Back At Mama's","TIM McGRAW featuring FAITH HILL","Yearning",4,"Medium Tempo",1,"Traditional",2,"Mixed",1,259,4,20140614,2014,"0",1982,32,3,"0"
"64",63,"This Is How We Roll","FLORIDA GEORGIA LINE featuring LUKE BRYAN","Empowering",6,"Medium Tempo",1,"Traditional",2,"Male",3,367,6,20140301,2014,"1987",1987,27,2,"0"
"65",64,"Stolen Dance","MILKY CHANCE","Cool",5,"Medium Tempo",1,"Alternative & Punk",1,"Male",3,208,2,20140809,2014,"0",1982,32,3,"0"
"66",65,"Earned It (Fifty Shades Of Grey)","THE WEEKND","Sophisticated",4,"Medium Tempo",1,"Urban",3,"Male",3,261,4,20150110,2015,"1981",1981,34,3,"0"
"67",66,"Heartbeat Song","KELLY CLARKSON","Sophisticated",4,"Medium Tempo",1,"Pop",3,"Female",2,204,2,20150131,2015,"0",1982,33,3,"0"
"68",67,"Touch My Body","MARIAH CAREY","Sensual",2,"Slow Tempo",0,"Urban",3,"Female",2,260,4,20080412,2008,"1970",1970,38,4,"1"
"69",68,"Let Me Love You","MARIO WINANS","Sensual",2,"Medium Tempo",1,"Urban",3,"Male",3,308,6,20050101,2005,"1974",1974,31,2,"1"
"70",69,"Invisible","HUNTER HAYES","Empowering",6,"Slow Tempo",0,"Traditional",2,"Male",3,223,3,20140208,2014,"1986",1986,28,2,"0"
"71",70,"Sweet Little Somethin'","JASON ALDEAN","Brooding",4,"Medium Tempo",1,"Traditional",2,"Male",3,262,4,20140920,2014,"1979",1979,35,3,"0"
"72",71,"Night Changes","ONE DIRECTION","Empowering",6,"Medium Tempo",1,"Pop",3,"Male",3,213,3,20141206,2014,"1994",1994,20,NA,"0"
"73",72,"Style","TAYLOR SWIFT","Yearning",4,"Medium Tempo",1,"Pop",3,"Female",2,0,0,20141115,2014,"1982",1982,32,3,"0"
"74",73,"I Have Nothing","TESSANNE CHIN","Sentimental",4,"Slow Tempo",0,"Alternative & Punk",1,"Mixed",1,4496,6,20140104,2014,"1986",1986,28,2,"0"
"75",74,"Chandelier","SIA","Excited",5,"Medium Tempo",1,"Alternative & Punk",1,"Female",2,119,0,20140524,2014,"1981",1981,33,3,"0"
"76",75,"Empire State Of Mind","JAY-Z & ALICIA KEYS","Energizing",6,"Medium Tempo",1,"Urban",3,"Mixed",1,110,0,20091128,2009,"1981",1981,28,2,"1"
"77",76,"10 Bands","DRAKE","Cool",5,"Medium Tempo",1,"Urban",3,"Male",3,304,6,20150228,2015,"1986",1986,29,2,"0"
"78",77,"Raise Your Glass","P!NK","Excited",5,"Medium Tempo",1,"Pop",3,"Female",2,232,3,20101211,2010,"1988",1988,22,1,"1"
"79",78,"Neon Lights","DEMI LOVATO","Urgent",3,"Medium Tempo",1,"Pop",3,"Female",2,372,6,20140111,2014,"1992",1992,22,1,"0"
"80",79,"Anything Goes","FLORIDA GEORGIA LINE","Rowdy",4,"Medium Tempo",1,"Rock",1,"Male",3,226,3,20141011,2014,"1987",1987,27,2,"0"
"81",80,"Umbrella","RIHANNA featuring JAY-Z","Energizing",6,"Medium Tempo",1,"Urban",3,"Mixed",1,0,0,20070609,2007,"1988",1988,19,NA,"1"
"82",81,"Shut Up + Dance","WALK THE MOON","Defiant",3,"Medium Tempo",1,"Alternative & Punk",1,"Male",3,0,0,20141122,2014,"1982",1982,32,3,"0"
"83",82,"Sunny And 75","JOE NICHOLS","Yearning",4,"Medium Tempo",1,"Traditional",2,"Male",3,300,5,20140104,2014,"1970",1970,44,5,"0"
"84",83,"Happy","PHARRELL WILLIAMS","Energizing",6,"Medium Tempo",1,"Pop",3,"Male",3,222,3,20140308,2014,"1985",1985,29,2,"1"
"85",84,"Two Night Town","JASON ALDEAN","Empowering",6,"Medium Tempo",1,"Traditional",2,"Male",3,0,0,20140927,2014,"0",1982,32,3,"0"
"86",85,"Marry Me","JASON DERULO","Excited",5,"Medium Tempo",1,"Pop",3,"Male",3,279,5,20140104,2014,"1979",1979,35,3,"0"
"87",86,"Cool Kids","ECHOSMITH","Yearning",4,"Medium Tempo",1,"Alternative & Punk",1,"Mixed",1,331,6,20140726,2014,"1981",1981,33,3,"0"
"88",87,"7/11","BEYONCE","Energizing",6,"Fast Tempo",2,"Urban",3,"Female",2,217,3,20150307,2015,"1981",1981,34,3,"0"
"89",88,"Best Friends","SOPHIA GRACE","Empowering",6,"Medium Tempo",1,"Urban",3,"Female",2,230,3,20150124,2015,"1977",1977,38,4,"0"
"90",89,"Bleeding Love","LEONA LEWIS","Defiant",3,"Medium Tempo",1,"Urban",3,"Female",2,257,4,20080405,2008,"1985",1985,23,1,"1"
"91",90,"Birthday","KATY PERRY","Excited",5,"Medium Tempo",1,"Pop",3,"Female",2,278,5,20140426,2014,"1975",1975,39,4,"0"
"92",91,"Walk Thru","RICH HOMIE QUAN featuring PROBLEM","Sensual",2,"Slow Tempo",0,"Urban",3,"Male",3,242,4,20140906,2014,"1990",1990,24,1,"0"
"93",92,"Santa Tell Me","ARIANA GRANDE","Sensual",2,"Medium Tempo",1,"Pop",3,"Female",2,247,4,20141213,2014,"1993",1993,21,NA,"0"
"94",93,"Let It Be","TESSANNE CHIN & ADAM LEVINE","Empowering",6,"Medium Tempo",1,"Rock",1,"Male",3,267,4,20140104,2014,"1988",1988,26,1,"0"
"95",94,"Applause","LADY GAGA","Urgent",3,"Fast Tempo",2,"Pop",3,"Female",2,210,2,20140104,2014,"1985",1985,29,2,"0"
"96",95,"Rude","MAGIC!","Sensual",2,"Medium Tempo",1,"Other",0,"Male",3,228,3,20140726,2014,"1981",1981,33,3,"1"
"97",96,"Rude Boy","RIHANNA","Urgent",3,"Fast Tempo",2,"Urban",3,"Female",2,259,4,20100327,2010,"1984",1984,26,1,"1"
"98",97,"Sing","ED SHEERAN","Urgent",3,"Medium Tempo",1,"Pop",3,"Male",3,382,6,20140426,2014,"1971",1971,43,5,"0"
"99",98,"Drunk Last Night","ELI YOUNG BAND","Yearning",4,"Medium Tempo",1,"Traditional",2,"Male",3,263,4,20140104,2014,"1973",1973,41,4,"0"
"100",99,"A Little Too Much","SHAWN MENDES","Empowering",6,"Medium Tempo",1,"Pop",3,"Male",3,225,3,20150221,2015,"1975",1975,40,4,"0"
"101",100,"Day Drinking","LITTLE BIG TOWN","Urgent",3,"Medium Tempo",1,"Traditional",2,"Mixed",1,329,6,20140621,2014,"1971",1971,43,5,"0"
"102",101,"Yeah","JOE NICHOLS","Yearning",4,"Medium Tempo",1,"Traditional",2,"Male",3,0,0,20140510,2014,"1981",1981,33,3,"0"
"103",102,"So Sick","NE-YO","Sensual",2,"Slow Tempo",0,"Urban",3,"Male",3,146,0,20060318,2006,"1978",1978,28,2,"1"
"104",103,"Alone Together","FALL OUT BOY","Defiant",3,"Medium Tempo",1,"Alternative & Punk",1,"Male",3,333,6,20140104,2014,"1981",1981,33,3,"0"
"105",104,"Thinking Out Loud","ED SHEERAN","Empowering",6,"Slow Tempo",0,"Pop",3,"Male",3,319,6,20141025,2014,"1973",1973,41,4,"0"
"106",105,"No Role Modelz","J. COLE","Cool",5,"Medium Tempo",1,"Urban",3,"Male",3,323,6,20141227,2014,"1981",1981,33,3,"0"
"107",106,"My Life Would Suck Without You","KELLY CLARKSON","Yearning",4,"Medium Tempo",1,"Pop",3,"Female",2,223,3,20090207,2009,"1977",1977,32,3,"1"
"108",107,"Close Your Eyes","PARMALEE","Empowering",6,"Medium Tempo",1,"Traditional",2,"Male",3,272,5,20141011,2014,"1981",1981,33,3,"0"
"109",108,"You And Your Friends","WIZ KHALIFA featuring SNOOP DOGG & TY DOLLAR $IGN","Cool",5,"Slow Tempo",0,"Urban",3,"Male",3,0,0,20141004,2014,"1975",1975,39,4,"0"
"110",109,"Word Crimes","WEIRD AL YANKOVIC","Excited",5,"Medium Tempo",1,"Other",0,"Male",3,568,6,20140802,2014,"1978",1978,36,3,"0"
"111",110,"Worth It","FIFTH HARMONY featuring KID INK","Energizing",6,"Medium Tempo",1,"Pop",3,"Mixed",1,245,4,20150207,2015,"1976",1976,39,4,"0"
"112",111,"Roller Coaster","LUKE BRYAN","Yearning",4,"Medium Tempo",1,"Traditional",2,"Male",3,210,2,20140802,2014,"1977",1977,37,4,"0"
"113",112,"Lost Without U","CHRIS JAMISON & ADAM LEVINE","Sensual",2,"Medium Tempo",1,"Pop",3,"Male",3,4150,6,20150103,2015,"1979",1979,36,3,"0"
"114",113,"Only One","KANYE WEST featuring PAUL McCARTNEY","Urgent",3,"Fast Tempo",2,"Rock",1,"Mixed",1,208,2,20150117,2015,"1988",1988,27,2,"0"
"115",114,"Out The Speakers","A-TRAK + MILO & OTIS featuring RICH KIDZ","Aggressive",4,"Medium Tempo",1,"Electronica",1,"Male",3,207,2,20150221,2015,"1971",1971,44,5,"0"
"116",115,"Midnight Memories","ONE DIRECTION","Urgent",3,"Medium Tempo",1,"Pop",3,"Male",3,188,2,20140215,2014,"1994",1994,20,NA,"0"
"117",116,"Drop It Like It's Hot","SNOOP DOGG","Cool",5,"Slow Tempo",0,"Urban",3,"Male",3,115,0,20041211,2004,"1982",1982,22,1,"1"
"118",117,"Don't","ED SHEERAN","Cool",5,"Slow Tempo",0,"Pop",3,"Male",3,180,1,20140628,2014,"1977",1977,37,4,"0"
"119",118,"Homegrown","ZAC BROWN BAND","Empowering",6,"Medium Tempo",1,"Alternative & Punk",1,"Male",3,215,3,20150131,2015,"1981",1981,34,3,"0"
"120",119,"Let It Go","DEMI LOVATO","Empowering",6,"Medium Tempo",1,"Pop",3,"Female",2,232,3,20140104,2014,"1992",1992,22,1,"0"
"121",120,"Set Fire To The Rain","ADELE","Yearning",4,"Medium Tempo",1,"Pop",3,"Female",2,152,1,20120204,2012,"1988",1988,24,1,"1"
"122",121,"Gold Digger","KANYE WEST featuring JAMIE FOXX","Aggressive",4,"Medium Tempo",1,"Urban",3,"Male",3,271,5,20050917,2005,"1970",1970,35,3,"1"
"123",122,"Don't Matter","AKON","Sensual",2,"Medium Tempo",1,"Urban",3,"Male",3,246,4,20070407,2007,"1973",1973,34,3,"1"
"124",123,"Beating Heart","ELLIE GOULDING","Yearning",4,"Medium Tempo",1,"Electronica",1,"Female",2,198,2,20140405,2014,"1977",1977,37,4,"0"
"125",124,"Studio","SCHOOLBOY Q featuring BJ THE CHICAGO KID","Sensual",2,"Medium Tempo",1,"Urban",3,"Male",3,270,4,20140621,2014,"1983",1983,31,2,"0"
"126",125,"3","BRITNEY SPEARS","Energizing",6,"Fast Tempo",2,"Pop",3,"Female",2,205,2,20091024,2009,"1970",1970,39,4,"1"
"127",126,"Slow Me Down","SARA EVANS","Upbeat",5,"Medium Tempo",1,"Traditional",2,"Female",2,149,0,20140329,2014,"1969",1969,45,5,"0"
"128",127,"Counting Stars","ONEREPUBLIC","Urgent",3,"Medium Tempo",1,"Pop",3,"Male",3,225,3,20140104,2014,"1979",1979,35,3,"0"
"129",128,"Blurred Lines","ROBIN THICKE featuring T.I. & PHARRELL","Energizing",6,"Medium Tempo",1,"Pop",3,"Male",3,151,1,20140104,2014,"1977",1977,37,4,"0"
"130",129,"My Baby's Gor A Smile On Her Face","CRAIG WAYNE BOYD","Yearning",4,"Medium Tempo",1,"Traditional",2,"Male",3,178,1,20150103,2015,"1978",1978,37,4,"0"
"131",130,"I Don't Dance","LEE BRICE","Upbeat",5,"Medium Tempo",1,"Other",0,"Male",3,227,3,20140503,2014,"0",1982,32,3,"0"
"132",131,"Get Her Back","ROBIN THICKE","Easygoing",1,"Medium Tempo",1,"Pop",3,"Male",3,182,2,20140712,2014,"0",1982,32,3,"0"
"133",132,"Whistle","FLO RIDA","Energizing",6,"Medium Tempo",1,"Urban",3,"Male",3,198,2,20120825,2012,"1979",1979,33,3,"1"
"134",133,"I Kissed A Girl","KATY PERRY","Aggressive",4,"Fast Tempo",2,"Pop",3,"Female",2,156,1,20080705,2008,"1984",1984,24,1,"1"
"135",134,"This Is How We Do","KATY PERRY","Energizing",6,"Medium Tempo",1,"Pop",3,"Female",2,176,1,20140816,2014,"1984",1984,30,2,"0"
"136",135,"Habits (Stay High)","TOVE LO","Sophisticated",4,"Medium Tempo",1,"Electronica",1,"Female",2,0,0,20140614,2014,"0",1982,32,3,"0"
"137",136,"Animals","MARTIN GARRIX","Defiant",3,"Fast Tempo",2,"Alternative & Punk",1,"Male",3,240,3,20140104,2014,"0",1982,32,3,"0"
"138",137,"Get Ur Freak On","MISSY ""MISDEMEANOR"" ELLIOTT","Defiant",3,"Medium Tempo",1,"Urban",3,"Female",2,175,1,20150221,2015,"0",1982,33,3,"0"
"139",138,"Bad Blood","BASTILLE","Excited",5,"Fast Tempo",2,"Alternative & Punk",1,"Male",3,218,3,20140426,2014,"1973",1973,41,4,"0"
"140",139,"Give Me Back My Hometown","ERIC CHURCH","Empowering",6,"Medium Tempo",1,"Traditional",2,"Male",3,239,3,20140125,2014,"1977",1977,37,4,"0"
"141",140,"Slow Jamz","TWISTA feat KANYE WEST & JAMIE FOXX","Yearning",4,"Medium Tempo",1,"Urban",3,"Male",3,250,4,20040221,2004,"1973",1973,31,2,"1"
"142",141,"Fever","THE BLACK KEYS","Brooding",4,"Medium Tempo",1,"Alternative & Punk",1,"Male",3,251,4,20140412,2014,"0",1982,32,3,"0"
"143",142,"My Baby's Guns N' Roses","BRANTLEY GILBERT","Empowering",6,"Medium Tempo",1,"Traditional",2,"Male",3,270,4,20140517,2014,"1985",1985,29,2,"0"
"144",143,"Wonderland","TAYLOR SWIFT","Empowering",6,"Medium Tempo",1,"Pop",3,"Female",2,252,4,20150307,2015,"1989",1989,26,1,"0"
"145",144,"Wasting All These Tears","CASSADEE POPE","Empowering",6,"Slow Tempo",0,"Traditional",2,"Female",2,217,3,20140104,2014,"0",1982,32,3,"0"
"146",145,"I Won't Let You Down","OK GO","Energizing",6,"Medium Tempo",1,"Alternative & Punk",1,"Male",3,0,0,20141115,2014,"0",1982,32,3,"0"
"147",146,"Hookah","TYGA featuring YOUNG THUG","Defiant",3,"Medium Tempo",1,"Urban",3,"Male",3,253,4,20140830,2014,"0",1982,32,3,"0"
"148",147,"Kiss Me Kiss Me","5 SECONDS OF SUMMER","Stirring",5,"Fast Tempo",2,"Pop",3,"Male",3,269,4,20140705,2014,"1996",1996,18,NA,"0"
"149",148,"Somebody That I Used To Know","CHRISTINA GRIMMIE & ADAM LEVINE","Yearning",4,"Medium Tempo",1,"Pop",3,"Mixed",1,220,3,20140607,2014,"0",1982,32,3,"0"
"150",149,"Give It To Me","TIMBALAND feat NELLY FURTADO & JUSTIN TIMBERLAKE","Energizing",6,"Medium Tempo",1,"Pop",3,"Mixed",1,93,0,20070421,2007,"1972",1972,35,3,"1"
"151",150,"Grillz","NELLY featuring PAUL WALL, ALI & GIPP","Cool",5,"Medium Tempo",1,"Urban",3,"Male",3,701,6,20060121,2006,"1974",1974,32,3,"1"
"152",151,"London Bridge","FERGIE","Cool",5,"Medium Tempo",1,"Pop",3,"Female",2,310,6,20060819,2006,"1975",1975,31,2,"1"
"153",152,"Centuries","FALL OUT BOY","Urgent",3,"Medium Tempo",1,"Alternative & Punk",1,"Male",3,209,2,20140927,2014,"1984",1984,30,2,"0"
"154",153,"Unconditionally","KATY PERRY","Yearning",4,"Medium Tempo",1,"Pop",3,"Female",2,241,4,20140104,2014,"1984",1984,30,2,"0"
"155",154,"Shell Shocked","JUICY J, WIZ KHALIFA & TY DOLLA $IGN featuring KILL THE NOIS","Cool",5,"Medium Tempo",1,"Urban",3,"Male",3,271,5,20140830,2014,"0",1982,32,3,"0"
"156",155,"Wet Dreamz","J. COLE","Cool",5,"Medium Tempo",1,"Urban",3,"Male",3,300,5,20141227,2014,"1985",1985,29,2,"0"
"157",156,"Am I Wrong","NICO & VINZ","Yearning",4,"Medium Tempo",1,"Pop",3,"Male",3,211,3,20140503,2014,"1990",1990,24,1,"0"
"158",157,"Down","JAY SEAN featuring LIL WAYNE","Cool",5,"Medium Tempo",1,"Urban",3,"Male",3,223,3,20091017,2009,"1981",1981,28,2,"1"
"159",158,"She Knows","J. COLE featuring AMBER COFFMAN & THE CULTS","Aggressive",4,"Medium Tempo",1,"Urban",3,"Mixed",1,224,3,20140125,2014,"1985",1985,29,2,"0"
"160",159,"The Days","AVICII","Yearning",4,"Medium Tempo",1,"Electronica",1,"Male",3,240,3,20141025,2014,"1989",1989,25,1,"0"
"161",160,"Girls Chase Boys","INGRID MICHAELSON","Yearning",4,"Medium Tempo",1,"Pop",3,"Female",2,234,3,20140426,2014,"1979",1979,35,3,"0"
"162",161,"Do I Make You Proud","TAYLOR HICKS","Empowering",6,"Medium Tempo",1,"Pop",3,"Male",3,352,6,20060701,2006,"1976",1976,30,2,"1"
"163",162,"Na Na","TREY SONGZ","Sensual",2,"Slow Tempo",0,"Urban",3,"Male",3,193,2,20140208,2014,"1984",1984,30,2,"0"
"164",163,"Sunshine & Whiskey","FRANKIE BALLARD","Empowering",6,"Medium Tempo",1,"Traditional",2,"Male",3,233,3,20140726,2014,"0",1982,32,3,"0"
"165",164,"Odio","ROMEO SANTOS featuring DRAKE","Romantic",2,"Medium Tempo",1,"Traditional",2,"Male",3,6743,6,20140215,2014,"1986",1986,28,2,"0"
"166",165,"Everything I Didn't Say","5 SECONDS OF SUMMER","Melancholy",4,"Medium Tempo",1,"Pop",3,"Male",3,243,4,20140802,2014,"1996",1996,18,NA,"0"
"167",166,"Maps","MAROON 5","Urgent",3,"Medium Tempo",1,"Pop",3,"Male",3,203,2,20140705,2014,"1979",1979,35,3,"0"
"168",167,"Waves","MR. PROBZ","Urgent",3,"Fast Tempo",2,"Other",0,"Male",3,249,4,20140906,2014,"0",1982,32,3,"0"
"169",168,"Someone Like You","ADELE","Sophisticated",4,"Medium Tempo",1,"Pop",3,"Female",2,235,3,20110917,2011,"1988",1988,23,1,"1"
"170",169,"Life Of The Party","SHAWN MENDES","Empowering",6,"Medium Tempo",1,"Pop",3,"Male",3,203,2,20140712,2014,"1999",1999,15,NA,"0"
"171",170,"A Man Who Was Gonna Die Young","ERIC CHURCH","Sentimental",4,"Slow Tempo",0,"Traditional",2,"Male",3,234,3,20140215,2014,"1977",1977,37,4,"0"
"172",171,"Hope You Get Lonely Tonight","COLE SWINDELL","Empowering",6,"Medium Tempo",1,"Traditional",2,"Male",3,232,3,20140628,2014,"1983",1983,31,2,"0"
"173",172,"The Devil Is A Lie","RICK ROSS featuring JAY Z","Cool",5,"Medium Tempo",1,"Urban",3,"Male",3,230,3,20140322,2014,"0",1982,32,3,"0"
"174",173,"River Bank","BRAD PAISLEY","Rowdy",4,"Medium Tempo",1,"Traditional",2,"Male",3,191,2,20140524,2014,"1972",1972,42,5,"0"
"175",174,"The Hanging Tree","JAMES NEWTON HOWARD featuring JENNIFER LAWRENCE","Peaceful",1,"Medium Tempo",1,"Soundtrack",0,"Mixed",1,235,3,20141213,2014,"0",1982,32,3,"0"
"176",175,"Grenade","BRUNO MARS","Brooding",4,"Medium Tempo",1,"Pop",3,"Male",3,773,6,20110108,2011,"1985",1985,26,1,"1"
"177",176,"We Found Love","RIHANNA featuring CALVIN HARRIS","Excited",5,"Medium Tempo",1,"Pop",3,"Female",2,74,0,20111112,2011,"1988",1988,23,1,"1"
"178",177,"Royals","LORDE","Cool",5,"Medium Tempo",1,"Electronica",1,"Female",2,265,4,20140104,2014,"1996",1996,18,NA,"0"
"179",178,"Collard Greens","SCHOOLBOY Q featuring KENDRICK LAMAR","Defiant",3,"Medium Tempo",1,"Urban",3,"Male",3,298,5,20140208,2014,"0",1982,32,3,"0"
"180",179,"All About That Bass","MEGHAN TRAINOR","Cool",5,"Medium Tempo",1,"Pop",3,"Female",2,228,3,20140920,2014,"1993",1993,21,NA,"1"
"181",180,"Homegrown Honey","DARIUS RUCKER","Yearning",4,"Medium Tempo",1,"Traditional",2,"Male",3,243,4,20141122,2014,"1966",1966,48,6,"0"
"182",181,"Little Red Wagon","MIRANDA LAMBERT","Yearning",4,"Medium Tempo",1,"Traditional",2,"Female",2,252,4,20150228,2015,"1983",1983,32,3,"0"
"183",182,"This Is Why I'm Hot","MIMS","Cool",5,"Medium Tempo",1,"Urban",3,"Male",3,288,5,20070310,2007,"1981",1981,26,1,"1"
"184",183,"Can't Stop Dancin'","BECKY G","Sensual",2,"Medium Tempo",1,"Pop",3,"Female",2,162,1,20150110,2015,"1997",1997,18,NA,"0"
"185",184,"Burnin' Up","JESSIE J featuring 2 CHAINZ","Excited",5,"Medium Tempo",1,"Pop",3,"Mixed",1,301,6,20141101,2014,"0",1982,32,3,"0"
"186",185,"Viva La Vida","COLDPLAY","Empowering",6,"Medium Tempo",1,"Alternative & Punk",1,"Male",3,205,2,20080628,2008,"1977",1977,31,2,"1"
"187",186,"Outside","CALVIN HARRIS featuring ELLIE GOULDING","Yearning",4,"Medium Tempo",1,"Pop",3,"Mixed",1,206,2,20141108,2014,"1984",1984,30,2,"0"
"188",187,"Take It On Back","CHASE BRYANT","Gritty",3,"Medium Tempo",1,"Traditional",2,"Female",2,238,3,20150117,2015,"0",1982,33,3,"0"
"189",188,"Wake Up Lovin' You","CRAIG MORGAN","Urgent",3,"Medium Tempo",1,"Traditional",2,"Male",3,270,4,20140510,2014,"1965",1965,49,6,"0"
"190",189,"Best Mistake","ARIANA GRANDE featuring BIG SEAN","Excited",5,"Fast Tempo",2,"Urban",3,"Mixed",1,201,2,20140830,2014,"1994",1994,20,NA,"0"
"191",190,"G.U.Y.","LADY GAGA","Urgent",3,"Medium Tempo",1,"Pop",3,"Female",2,234,3,20140412,2014,"1986",1986,28,2,"0"
"192",191,"We Are One (Ole Ola) [The 2014 FIFA World Cup Official Song]","PITBULL featuring JENNIFER LOPEZ & CLAUDIA LEITTE","Excited",5,"Medium Tempo",1,"Pop",3,"Mixed",1,260,4,20140426,2014,"1979",1979,35,3,"0"
"193",192,"Sanctified","RICK ROSS featuring KANYE WEST & BIG SEAN","Defiant",3,"Medium Tempo",1,"Urban",3,"Male",3,165,1,20140322,2014,"1976",1976,38,4,"0"
"194",193,"U Guessed It","OG MACO","Defiant",3,"Medium Tempo",1,"Urban",3,"Male",3,276,5,20141018,2014,"0",1982,32,3,"0"
"195",194,"Cop Car","KEITH URBAN","Empowering",6,"Slow Tempo",0,"Traditional",2,"Male",3,91,0,20140215,2014,"1967",1967,47,6,"0"
"196",195,"L.A.LOVE (la la)","FERGIE","Sensual",2,"Medium Tempo",1,"Pop",3,"Mixed",1,244,4,20141025,2014,"1975",1975,39,4,"0"
"197",196,"Born This Way","LADY GAGA","Excited",5,"Medium Tempo",1,"Pop",3,"Female",2,26,0,20110226,2011,"1986",1986,25,1,"1"
"198",197,"Man Of The Year","SCHOOLBOY Q","Defiant",3,"Medium Tempo",1,"Urban",3,"Male",3,258,4,20140208,2014,"0",1982,32,3,"0"
"199",198,"Love Me Again","JOHN NEWMAN","Defiant",3,"Medium Tempo",1,"Urban",3,"Male",3,203,2,20140104,2014,"0",1982,32,3,"0"
"200",199,"Stay With Me","SAM SMITH","Yearning",4,"Medium Tempo",1,"Urban",3,"Male",3,319,6,20140419,2014,"1992",1992,22,1,"0"
"201",200,"I Lived","ONEREPUBLIC","Empowering",6,"Medium Tempo",1,"Pop",3,"Male",3,185,2,20141213,2014,"1979",1979,35,3,"0"
"202",201,"Partition","BEYONCE","Fiery",4,"Medium Tempo",1,"Soundtrack",0,"Mixed",1,261,4,20140125,2014,"1981",1981,33,3,"0"
"203",202,"Talladega","ERIC CHURCH","Empowering",6,"Medium Tempo",1,"Traditional",2,"Male",3,296,5,20141108,2014,"1977",1977,37,4,"0"
"204",203,"Sun Daze","FLORIDA GEORGIA LINE","Yearning",4,"Medium Tempo",1,"Traditional",2,"Male",3,286,5,20141115,2014,"1987",1987,27,2,"0"
"205",204,"No Love","AUGUST ALSINA","Sensual",2,"Medium Tempo",1,"Urban",3,"Male",3,224,3,20141004,2014,"0",1982,32,3,"0"
"206",205,"Lonely Eyes","CHRIS YOUNG","Empowering",6,"Medium Tempo",1,"Traditional",2,"Male",3,167,1,20150103,2015,"1985",1985,30,2,"0"
"207",206,"Often","THE WEEKND","Sensual",2,"Medium Tempo",1,"Urban",3,"Male",3,236,3,20141101,2014,"0",1982,32,3,"0"
"208",207,"The Monster","EMINEM featuring RIHANNA","Energizing",6,"Medium Tempo",1,"Urban",3,"Mixed",1,259,4,20131221,2013,"1972",1972,41,4,"1"
"209",208,"Diamonds","RIHANNA","Urgent",3,"Medium Tempo",1,"Urban",3,"Female",2,252,4,20121201,2012,"1988",1988,24,1,"1"
"210",209,"Bend Ova","LIL JON featuring TYGA","Aggressive",4,"Medium Tempo",1,"Urban",3,"Male",3,333,6,20140927,2014,"0",1982,32,3,"0"
"211",210,"Dare (La La La)","SHAKIRA","Energizing",6,"Medium Tempo",1,"Alternative & Punk",1,"Mixed",1,0,0,20140607,2014,"1977",1977,37,4,"0"
"212",211,"Love More","CHRIS BROWN featuring NICKI MINAJ","Excited",5,"Medium Tempo",1,"Urban",3,"Mixed",1,109,0,20140104,2014,"1989",1989,25,1,"0"
"213",212,"Promiscuous","NELLY FURTADO featuring TIMBALAND","Energizing",6,"Medium Tempo",1,"Pop",3,"Mixed",1,189,2,20060708,2006,"1978",1978,28,2,"1"
"214",213,"Like A Cowboy","RANDY HOUSER","Empowering",6,"Medium Tempo",1,"Traditional",2,"Male",3,340,6,20141220,2014,"1969",1969,45,5,"0"
"215",214,"Empire","SHAKIRA","Sensual",2,"Medium Tempo",1,"Electronica",1,"Male",3,200,2,20140412,2014,"1977",1977,37,4,"0"
"216",215,"Womanizer","BRITNEY SPEARS","Energizing",6,"Medium Tempo",1,"Pop",3,"Female",2,174,1,20081025,2008,"1981",1981,27,2,"1"
"217",216,"Hold On, We're Going Home","DRAKE featuring MAJID JORDAN","Cool",5,"Medium Tempo",1,"Urban",3,"Male",3,188,2,20140104,2014,"1986",1986,28,2,"0"
"218",217,"Sledgehammer","FIFTH HARMONY","Excited",5,"Fast Tempo",2,"Pop",3,"Female",2,271,5,20141213,2014,"1993",1993,21,NA,"0"
"219",218,"How To Love","CHRISTINA GRIMMIE","Energizing",6,"Medium Tempo",1,"Urban",3,"Male",3,233,3,20140524,2014,"1994",1994,20,NA,"0"
"220",219,"Perfect Storm","BRAD PAISLEY","Yearning",4,"Medium Tempo",1,"Traditional",2,"Male",3,0,0,20141025,2014,"1972",1972,42,5,"0"
"221",220,"Go Hard Or Go Home","WIZ KHALIFA & IGGY AZALEA","Energizing",6,"Medium Tempo",1,"Urban",3,"Male",3,233,3,20150307,2015,"0",1982,33,3,"0"
"222",221,"Cold One","ERIC CHURCH","Rowdy",4,"Fast Tempo",2,"Traditional",2,"Male",3,270,4,20140823,2014,"1977",1977,37,4,"0"
"223",222,"Amnesia","5 SECONDS OF SUMMER","Peaceful",1,"Medium Tempo",1,"Pop",3,"Male",3,205,2,20140719,2014,"1996",1996,18,NA,"0"
"224",223,"I Can't Make You Love Me","JOSH KAUFMAN","Empowering",6,"Medium Tempo",1,"Rock",1,"Female",2,270,4,20140524,2014,"0",1982,32,3,"0"
"225",224,"Drunk In Love","BEYONCE featuring JAY-Z","Energizing",6,"Medium Tempo",1,"Urban",3,"Mixed",1,234,3,20140104,2014,"1981",1981,33,3,"0"
"226",225,"Handsome And Wealthy","MIGOS","Aggressive",4,"Fast Tempo",2,"Urban",3,"Male",3,221,3,20141011,2014,"1991",1991,23,1,"0"
"227",226,"Goodnight Kiss","RANDY HOUSER","Empowering",6,"Medium Tempo",1,"Traditional",2,"Male",3,363,6,20140125,2014,"1969",1969,45,5,"0"
"228",227,"Ride","SOMO","Sophisticated",4,"Medium Tempo",1,"Urban",3,"Male",3,232,3,20140125,2014,"0",1982,32,3,"0"
"229",228,"Gorilla","BRUNO MARS","Urgent",3,"Fast Tempo",2,"Pop",3,"Male",3,253,4,20140111,2014,"1985",1985,29,2,"0"
"230",229,"Who I Am With You","CHRIS YOUNG","Empowering",6,"Medium Tempo",1,"Traditional",2,"Male",3,272,5,20140510,2014,"1985",1985,29,2,"0"
"231",230,"All About It","HOODIE ALLEN featuring ED SHEERAN","Cool",5,"Medium Tempo",1,"Pop",3,"Male",3,268,4,20150124,2015,"1991",1991,24,1,"0"
"232",231,"Dear Future Husband","MEGHAN TRAINOR","Urgent",3,"Fast Tempo",2,"Pop",3,"Female",2,253,4,20140927,2014,"1993",1993,21,NA,"0"
"233",232,"No Tellin'","DRAKE","Cool",5,"Medium Tempo",1,"Urban",3,"Male",3,322,6,20150307,2015,"1986",1986,29,2,"0"
"234",233,"Who Do You Love?","YG featuring DRAKE","Cool",5,"Medium Tempo",1,"Urban",3,"Male",3,238,3,20140329,2014,"1986",1986,28,2,"0"
"235",234,"The Old Rugged Cross","CRAIG WAYNE BOYDE","Easygoing",1,"Medium Tempo",1,"Other",0,"Male",3,253,4,20141227,2014,"1978",1978,36,3,"0"
"236",235,"Wrecking Ball","MILEY CYRUS","Empowering",6,"Medium Tempo",1,"Pop",3,"Female",2,196,2,20130928,2013,"1992",1992,21,NA,"1"
"237",236,"Stockholm Syndrome","ONE DIRECTION","Yearning",4,"Medium Tempo",1,"Pop",3,"Male",3,227,3,20141206,2014,"1994",1994,20,NA,"0"
"238",237,"Delirious (Boneless)","STEVE AOKI, CHRIS LAKE & TUJAMO featuring KID INK","Defiant",3,"Medium Tempo",1,"Electronica",1,"Male",3,214,3,20140906,2014,"0",1982,32,3,"0"
"239",238,"Irresistible","FALL OUT BOY","Defiant",3,"Medium Tempo",1,"Alternative & Punk",1,"Male",3,2040,6,20150124,2015,"1984",1984,31,2,"0"
"240",239,"Dust","ELI YOUNG BAND","Empowering",6,"Medium Tempo",1,"Traditional",2,"Male",3,186,2,20140726,2014,"0",1982,32,3,"0"
"241",240,"I Choose You","SARA BAREILLES","Yearning",4,"Medium Tempo",1,"Pop",3,"Female",2,0,0,20140524,2014,"1979",1979,35,3,"0"
"242",241,"What We Ain't Got","JAKE OWEN","Sentimental",4,"Slow Tempo",0,"Traditional",2,"Male",3,251,4,20150117,2015,"1981",1981,34,3,"0"
"243",242,"Wildest Dreams","TAYLOR SWIFT","Sensual",2,"Medium Tempo",1,"Pop",3,"Female",2,225,3,20141115,2014,"1989",1989,25,1,"0"
"244",243,"I Walk The Line","CRAIG WAYNE BOYD","Melancholy",4,"Medium Tempo",1,"Traditional",2,"Male",3,286,5,20141213,2014,"1978",1978,36,3,"0"
"245",244,"New Flame","CHRIS BROWN featuring USHER & RICK ROSS","Sensual",2,"Medium Tempo",1,"Urban",3,"Male",3,286,5,20140719,2014,"1989",1989,25,1,"0"
"246",245,"#SELFIE","THE CHAINSMOKERS","Energizing",6,"Medium Tempo",1,"Electronica",1,"Male",3,213,3,20140315,2014,"0",1982,32,3,"0"
"247",246,"Whatever She's Got","DAVID NAIL","Empowering",6,"Medium Tempo",1,"Traditional",2,"Male",3,233,3,20140104,2014,"1979",1979,35,3,"0"
"248",247,"Hey There Delilah","PLAIN WHITE T'S","Yearning",4,"Medium Tempo",1,"Alternative & Punk",1,"Male",3,187,2,20070728,2007,"1979",1979,28,2,"1"
"249",248,"Talking Body","TOVE LO","Energizing",6,"Medium Tempo",1,"Electronica",1,"Female",2,211,3,20150214,2015,"0",1982,33,3,"0"
"250",249,"God Made Girls","RAELYNN","Yearning",4,"Medium Tempo",1,"Traditional",2,"Female",2,236,3,20141108,2014,"1994",1994,20,NA,"0"
"251",250,"Don't Stop","5 SECONDS OF SUMMER","Melancholy",4,"Slow Tempo",0,"Pop",3,"Male",3,295,5,20140531,2014,"1996",1996,18,NA,"0"
"252",251,"Throw Sum Mo","RAE SREMMURD featuring NICKI MINAJ & YOUNG THUG","Cool",5,"Medium Tempo",1,"Urban",3,"Mixed",1,266,4,20150117,2015,"1995",1995,20,NA,"0"
"253",252,"Whatcha Say","JASON DeRULO","Energizing",6,"Medium Tempo",1,"Pop",3,"Male",3,358,6,20091114,2009,"1989",1989,20,NA,"1"
"254",253,"Whiskey In My Water","TYLER FARR","Empowering",6,"Medium Tempo",1,"Traditional",2,"Male",3,72,0,20140412,2014,"0",1982,32,3,"0"
"255",254,"You Sound Good To Me","LUCY HALE","Excited",5,"Medium Tempo",1,"Traditional",2,"Female",2,140,0,20140125,2014,"1989",1989,25,1,"0"
"256",255,"White Walls","MACKLEMORE & RYAN LEWIS featuring SCHOOLBOY Q & HOLLIS","Cool",5,"Medium Tempo",1,"Urban",3,"Male",3,343,6,20140104,2014,"1983",1983,31,2,"0"
"257",256,"We Are Never Ever Getting Back Together","TAYLOR SWIFT","Excited",5,"Medium Tempo",1,"Pop",3,"Female",2,165,1,20120901,2012,"1989",1989,23,1,"1"
"258",257,"Made Me","SNOOTIE WILD featuring K CAMP","Excited",5,"Fast Tempo",2,"Urban",3,"Male",3,317,6,20141108,2014,"0",1982,32,3,"0"
"259",258,"Imma Be","THE BLACK EYED PEAS","Defiant",3,"Medium Tempo",1,"Urban",3,"Mixed",1,310,6,20100306,2010,"1975",1975,35,3,"1"
"260",259,"Thinking About You","CALVIN HARRIS featuring AYAH MARAR","Excited",5,"Medium Tempo",1,"Pop",3,"Mixed",1,210,2,20140201,2014,"1984",1984,30,2,"0"
"261",260,"Human","CHRISTINA PERRI","Empowering",6,"Slow Tempo",0,"Pop",3,"Female",2,232,3,20140222,2014,"0",1982,32,3,"0"
"262",261,"I See You","LUKE BRYAN","Yearning",4,"Medium Tempo",1,"Traditional",2,"Male",3,241,4,20141213,2014,"1976",1976,38,4,"0"
"263",262,"The Worst","JHENE AIKO","Sensual",2,"Slow Tempo",0,"Urban",3,"Female",2,226,3,20140222,2014,"0",1982,32,3,"0"
"264",263,"Stay The Night","ZEDD featuring HAYLEY WILLIAMS","Excited",5,"Medium Tempo",1,"Pop",3,"Mixed",1,241,4,20140104,2014,"0",1982,32,3,"0"
"265",264,"Apparently","J. COLE","Sensual",2,"Medium Tempo",1,"Urban",3,"Male",3,241,4,20150103,2015,"1985",1985,30,2,"0"
"266",265,"A Sky Full Of Stars","COLDPLAY","Brooding",4,"Medium Tempo",1,"Alternative & Punk",1,"Male",3,239,3,20140517,2014,"1977",1977,37,4,"0"
"267",266,"Somethin' Bad","MIRANDA LAMBERT duet with CARRIE UNDERWOOD","Urgent",3,"Medium Tempo",1,"Traditional",2,"Female",2,207,2,20140607,2014,"0",1982,32,3,"0"
"268",267,"Somebody That I Used To Know","GOTYE featuring KIMBRA","Energizing",6,"Medium Tempo",1,"Alternative & Punk",1,"Mixed",1,182,2,20120428,2012,"1980",1980,32,3,"1"
"269",268,"You & I","ONE DIRECTION","Empowering",6,"Medium Tempo",1,"Pop",3,"Male",3,203,2,20140503,2014,"1994",1994,20,NA,"0"
"270",269,"Pompeii","BASTILLE","Defiant",3,"Medium Tempo",1,"Alternative & Punk",1,"Male",3,264,4,20140104,2014,"0",1982,32,3,"0"
"271",270,"Make Me Wanna","THOMAS RHETT","Empowering",6,"Medium Tempo",1,"Traditional",2,"Male",3,206,2,20141129,2014,"1990",1990,24,1,"0"
"272",271,"Truffle Butter","NICKI MINAJ featuring DRAKE & LIL WAYNE","Cool",5,"Medium Tempo",1,"Urban",3,"Mixed",1,165,1,20150207,2015,"1982",1982,33,3,"0"
"273",272,"Don't Let Me Be Lonely","THE BAND PERRY","Empowering",6,"Medium Tempo",1,"Traditional",2,"Mixed",1,202,2,20140104,2014,"1983",1983,31,2,"0"
"274",273,"Touchin', Lovin'","TREY SONGZ featuring NICKI MINAJ","Cool",5,"Medium Tempo",1,"Urban",3,"Mixed",1,227,3,20140920,2014,"0",1982,32,3,"0"
"275",274,"Errrbody","YO GOTTI","Cool",5,"Medium Tempo",1,"Urban",3,"Male",3,277,5,20141025,2014,"0",1982,32,3,"0"
"276",275,"John Doe","B.O.B featuring PRISCILLA","Yearning",4,"Medium Tempo",1,"Urban",3,"Mixed",1,199,2,20140412,2014,"0",1982,32,3,"0"
"277",276,"Where Do Broken Hearts Go","ONE DIRECTION","Empowering",6,"Medium Tempo",1,"Pop",3,"Male",3,267,4,20141129,2014,"1994",1994,20,NA,"0"
"278",277,"Can't Help Falling In Love","CHRISTINA GRIMMIE","Empowering",6,"Medium Tempo",1,"Pop",3,"Female",2,230,3,20140607,2014,"1994",1994,20,NA,"0"
"279",278,"SexyBack","JUSTIN TIMBERLAKE","Cool",5,"Medium Tempo",1,"Pop",3,"Male",3,370,6,20060909,2006,"1981",1981,25,1,"1"
"280",279,"Girlfriend","AVRIL LAVIGNE","Urgent",3,"Medium Tempo",1,"Pop",3,"Female",2,317,6,20070505,2007,"1984",1984,23,1,"1"
"281",280,"She Twerkin","CA$H OUT","Energizing",6,"Medium Tempo",1,"Urban",3,"Male",3,250,4,20140712,2014,"0",1982,32,3,"0"
"282",281,"One","ED SHEERAN","Empowering",6,"Slow Tempo",0,"Pop",3,"Male",3,209,2,20140531,2014,"1991",1991,23,1,"0"
"283",282,"About The Money","T.I. featuring YOUNG THUG","Cool",5,"Medium Tempo",1,"Urban",3,"Male",3,0,0,20140823,2014,"1980",1980,34,3,"0"
"284",283,"Burnin' It Down","JASON ALDEAN","Romantic",2,"Medium Tempo",1,"Traditional",2,"Male",3,327,6,20140809,2014,"1977",1977,37,4,"0"
"285",284,"Just Dance","LADY GAGA featuring COLBY O'DONIS","Excited",5,"Medium Tempo",1,"Pop",3,"Mixed",1,222,3,20090117,2009,"1986",1986,23,1,"1"
"286",285,"Do What U Want","LADY GAGA featuring R. KELLY","Excited",5,"Medium Tempo",1,"Pop",3,"Mixed",1,230,3,20140104,2014,"1986",1986,28,2,"0"
"287",286,"Dangerous","DAVID GUETTA featuring SAM MARTIN","Energizing",6,"Medium Tempo",1,"Urban",3,"Male",3,0,0,20141108,2014,"1967",1967,47,6,"0"
"288",287,"Love Never Felt So Good","MICHAEL JACKSON & JUSTIN TIMBERLAKE","Energizing",6,"Medium Tempo",1,"Pop",3,"Male",3,219,3,20140517,2014,"1981",1981,33,3,"0"
"289",288,"Chains","NICK JONAS","Defiant",3,"Medium Tempo",1,"Pop",3,"Male",3,237,3,20150214,2015,"1992",1992,23,1,"0"
"290",289,"Goodies","CIARA & PETEY PABLO","Cool",5,"Medium Tempo",1,"Urban",3,"Mixed",1,200,2,20040911,2004,"1985",1985,19,NA,"1"
"291",290,"SOS","RIHANNA","Urgent",3,"Fast Tempo",2,"Urban",3,"Female",2,234,3,20060513,2006,"1988",1988,18,NA,"1"
"292",291,"Steal My Girl","ONE DIRECTION","Defiant",3,"Medium Tempo",1,"Pop",3,"Male",3,290,5,20141018,2014,"1994",1994,20,NA,"0"
"293",292,"Love Me Harder","ARIANA GRANDE & THE WEEKND","Excited",5,"Fast Tempo",2,"Pop",3,"Mixed",1,189,2,20141025,2014,"1994",1994,20,NA,"0"
"294",293,"Preach","DRAKE featuring PARTYNEXTDOOR","Defiant",3,"Medium Tempo",1,"Urban",3,"Male",3,315,6,20150228,2015,"1986",1986,29,2,"0"
"295",294,"You're Beautiful","JAMES BLUNT","Empowering",6,"Slow Tempo",0,"Pop",3,"Male",3,235,3,20060311,2006,"1974",1974,32,3,"1"
"296",295,"Work It","MISSY ""MISDEMEANOR"" ELLIOTT","Energizing",6,"Medium Tempo",1,"Urban",3,"Female",2,2836,6,20150221,2015,"1971",1971,44,5,"0"
"297",296,"The Language","DRAKE","Cool",5,"Medium Tempo",1,"Urban",3,"Male",3,288,5,20140104,2014,"1986",1986,28,2,"0"
"298",297,"Adrenalina","WISIN featuring JENNIFER LOPEZ & RICKY MARTIN","Rowdy",4,"Fast Tempo",2,"Other",0,"Male",3,276,5,20140322,2014,"0",1982,32,3,"0"
"299",298,"Dark Horse","KATY PERRY featuring JUICY J","Excited",5,"Fast Tempo",2,"Pop",3,"Mixed",1,232,3,20140208,2014,"1984",1984,30,2,"1"
"300",299,"Love The Way You Lie","EMINEM featuring RIHANNA","Excited",5,"Medium Tempo",1,"Urban",3,"Mixed",1,236,3,20100731,2010,"1981",1981,29,2,"1"
"301",300,"Not A Bad Thing","JUSTIN TIMBERLAKE","Empowering",6,"Medium Tempo",1,"Pop",3,"Male",3,241,4,20140315,2014,"1981",1981,33,3,"0"
"302",301,"Only Girl (In The World)","RIHANNA","Urgent",3,"Medium Tempo",1,"Urban",3,"Female",2,252,4,20101204,2010,"1988",1988,22,1,"1"
"303",302,"Yeah","USHER feat LUDACRIS & LIL JON","Cool",5,"Medium Tempo",1,"Urban",3,"Male",3,245,4,20040228,2004,"1978",1978,26,1,"1"
"304",303,"Little Dummer Boy","PENTATONIX","Gritty",3,"Medium Tempo",1,"Traditional",2,"Male",3,283,5,20140104,2014,"1992",1992,22,1,"0"
"305",304,"24 Hours","TEEFLII featuring 2 CHAINZ","Sensual",2,"Medium Tempo",1,"Urban",3,"Male",3,242,4,20140913,2014,"0",1982,32,3,"0"
"306",305,"I'm Not The Only One","SAM SMITH","Empowering",6,"Medium Tempo",1,"Urban",3,"Male",3,217,3,20140621,2014,"1992",1992,22,1,"0"
"307",306,"Hotel","KID INK featuring CHRIS BROWN","Sensual",2,"Medium Tempo",1,"Urban",3,"Male",3,195,2,20150221,2015,"0",1982,33,3,"0"
"308",307,"17 Again","BRANTLEY GILBERT","Empowering",6,"Medium Tempo",1,"Traditional",2,"Male",3,171,1,20140524,2014,"1985",1985,29,2,"0"
"309",308,"What's My Name?","RIHANNA featuring DRAKE","Cool",5,"Medium Tempo",1,"Urban",3,"Mixed",1,202,2,20101120,2010,"1988",1988,22,1,"1"
"310",309,"Lips Are Movin'","MEGHAN TRAINOR","Excited",5,"Fast Tempo",2,"Pop",3,"Female",2,230,3,20141108,2014,"1993",1993,21,NA,"0"
"311",310,"i","KENDRICK LAMAR","Easygoing",1,"Medium Tempo",1,"Urban",3,"Male",3,0,0,20141011,2014,"1987",1987,27,2,"0"
"312",311,"Wiggle","JASON DERULO featuring SNOOP DOGG","Fiery",4,"Medium Tempo",1,"Jazz",0,"Male",3,232,3,20140517,2014,"0",1982,32,3,"0"
"313",312,"Uptown Funk!","MARK RONSON featuring BRUNO MARS","Rowdy",4,"Medium Tempo",1,"Pop",3,"Male",3,262,4,20150117,2015,"1975",1975,40,4,"1"
"314",313,"Billie Jean","MICHAEL JACKSON","Stirring",5,"Medium Tempo",1,"Urban",3,"Male",3,171,1,20140607,2014,"1958",1958,56,7,"0"
"315",314,"Friday Night","ERIC PASLAY","Empowering",6,"Medium Tempo",1,"Traditional",2,"Mixed",1,245,4,20140104,2014,"1983",1983,31,2,"0"
"316",315,"I Luv This Shit","AUGUST ALSINA / TRINIDAD JAMES","Excited",5,"Fast Tempo",2,"Urban",3,"Male",3,266,4,20140104,2014,"0",1982,32,3,"0"
"317",316,"Carolina","PARMALEE","Empowering",6,"Medium Tempo",1,"Traditional",2,"Male",3,215,3,20140104,2014,"0",1982,32,3,"0"
"318",317,"OMG","USHER featuring WILL.I.AM","Gritty",3,"Medium Tempo",1,"Urban",3,"Male",3,257,4,20100515,2010,"1981",1981,29,2,"1"
"319",318,"Not For Long","B.O.B featuring TREY SONGZ","Sensual",2,"Medium Tempo",1,"Urban",3,"Male",3,189,2,20150124,2015,"0",1982,33,3,"0"
"320",319,"Don't Tell 'Em","JEREMIH featuring YG","Defiant",3,"Medium Tempo",1,"Urban",3,"Male",3,84,0,20140712,2014,"0",1982,32,3,"0"
"321",320,"S&M","RIHANNA","Energizing",6,"Medium Tempo",1,"Urban",3,"Female",2,251,4,20110430,2011,"1988",1988,23,1,"1"
"322",321,"Pills N Potions","NICKI MINAJ","Sensual",2,"Medium Tempo",1,"Urban",3,"Female",2,209,2,20140607,2014,"1982",1982,32,3,"0"
"323",322,"I Will Never Let You Down","RITA ORA","Defiant",3,"Medium Tempo",1,"Alternative & Punk",1,"Male",3,275,5,20140816,2014,"1991",1991,23,1,"0"
"324",323,"Happy Little Pill","TROYE SIVAN","Energizing",6,"Fast Tempo",2,"Electronica",1,"Male",3,256,4,20140809,2014,"1995",1995,19,NA,"0"
"325",324,"EW!","JIMMY FALLON featuring WILL.I.AM","Energizing",6,"Medium Tempo",1,"Other",0,"Male",3,272,5,20141025,2014,"0",1982,32,3,"0"
"326",325,"Superheroes","THE SCRIPT","Empowering",6,"Medium Tempo",1,"Pop",3,"Male",3,280,5,20141004,2014,"0",1982,32,3,"0"
"327",326,"Part Of Me","KATY PERRY","Excited",5,"Medium Tempo",1,"Pop",3,"Female",2,252,4,20120303,2012,"1984",1984,28,2,"1"
"328",327,"Geronimo","SHEPPARD","Yearning",4,"Medium Tempo",1,"Alternative & Punk",1,"Mixed",1,496,6,20141220,2014,"0",1982,32,3,"0"
"329",328,"Ghost","ELLA HENDERSON","Excited",5,"Medium Tempo",1,"Pop",3,"Female",2,211,3,20141115,2014,"1996",1996,18,NA,"0"
"330",329,"We Are Tonight","BILLY CURRINGTON","Empowering",6,"Medium Tempo",1,"Traditional",2,"Male",3,239,3,20140510,2014,"1973",1973,41,4,"0"
"331",330,"Ready To Run","ONE DIRECTION","Brooding",4,"Medium Tempo",1,"Pop",3,"Male",3,823,6,20141122,2014,"1994",1994,20,NA,"0"
"332",331,"When I Was Your Man","CHRIS JAMISON","Sophisticated",4,"Slow Tempo",0,"Pop",3,"Male",3,0,0,20141227,2014,"1994",1994,20,NA,"0"
"333",332,"Bailando","ENRIQUE IGLESIAS featuring DESCEMER BUENO & GENTE DE ZONA","Energizing",6,"Medium Tempo",1,"Urban",3,"Male",3,0,0,20140517,2014,"1975",1975,39,4,"0"
"334",333,"Blame","CALVIN HARRIS featuring JOHN NEWMAN","Excited",5,"Medium Tempo",1,"Electronica",1,"Male",3,222,3,20140927,2014,"1984",1984,30,2,"0"
"335",334,"Best Day Of My Life","AMERICAN AUTHORS","Defiant",3,"Medium Tempo",1,"Alternative & Punk",1,"Male",3,326,6,20140104,2014,"0",1982,32,3,"0"
"336",335,"Follow Your Arrow","KACEY MUSGRAVES","Empowering",6,"Slow Tempo",0,"Traditional",2,"Female",2,0,0,20140215,2014,"1988",1988,26,1,"0"
"337",336,"Neon Light","BLAKE SHELTON","Rowdy",4,"Medium Tempo",1,"Traditional",2,"Male",3,220,3,20140906,2014,"1976",1976,38,4,"0"
"338",337,"I Wanna Love You","AKON featuring SNOOP DOGG","Sensual",2,"Medium Tempo",1,"Urban",3,"Male",3,238,3,20061202,2006,"1973",1973,33,3,"1"
"339",338,"Welcome To New York","TAYLOR SWIFT","Excited",5,"Medium Tempo",1,"Pop",3,"Female",2,82,0,20141108,2014,"1989",1989,25,1,"0"
"340",339,"Say Something","A GREAT BIG WORLD featuring CHRISTINA AGUILERA","Sentimental",4,"Slow Tempo",0,"Pop",3,"Mixed",1,217,3,20140104,2014,"0",1982,32,3,"0"
"341",340,"What Kind Of Man","FLORENCE + THE MACHINE","Yearning",4,"Medium Tempo",1,"Alternative & Punk",1,"Mixed",1,2836,6,20150228,2015,"0",1982,33,3,"0"
"342",341,"Baby It's Cold Outside","IDINA MENZEL duet with MICHAEL BUBLE","Sophisticated",4,"Slow Tempo",0,"Pop",3,"Mixed",1,3985,6,20141206,2014,"0",1982,32,3,"0"
"343",342,"Money Maker","LUDACRIS featuring PHARRELL","Defiant",3,"Medium Tempo",1,"Urban",3,"Male",3,225,3,20061028,2006,"1973",1973,33,3,"1"
"344",343,"I Mean It","G-EAZY featuring REMO","Cool",5,"Medium Tempo",1,"Urban",3,"Male",3,211,3,20150117,2015,"0",1982,33,3,"0"
"345",344,"Riptide","VANCE JOY","Fiery",4,"Medium Tempo",1,"Alternative & Punk",1,"Male",3,268,4,20140712,2014,"0",1982,32,3,"0"
"346",345,"Fight Night","MIGOS","Defiant",3,"Medium Tempo",1,"Urban",3,"Male",3,214,3,20140726,2014,"1991",1991,23,1,"0"
"347",346,"Wasted","TIESTO featuring MATTHEW KOMA","Energizing",6,"Medium Tempo",1,"Pop",3,"Male",3,296,5,20140621,2014,"1969",1969,45,5,"0"
"348",347,"My Boo","USHER & ALICIA KEYS","Sensual",2,"Slow Tempo",0,"Urban",3,"Mixed",1,205,2,20041030,2004,"1981",1981,23,1,"1"
"349",348,"Somewhere In My Car","KEITH URBAN","Yearning",4,"Medium Tempo",1,"Traditional",2,"Male",3,218,3,20140913,2014,"1967",1967,47,6,"0"
"350",349,"Show Me","KID INK featuring CHIS BROWN","Sensual",2,"Medium Tempo",1,"Urban",3,"Male",3,214,3,20140104,2014,"1989",1989,25,1,"0"
"351",350,"0 To 100 / The Catch Up","DRAKE","Cool",5,"Medium Tempo",1,"Urban",3,"Male",3,117,0,20140809,2014,"1986",1986,28,2,"0"
"352",351,"The Heart Wants What It Wants","SELENA GOMEZ","Aggressive",4,"Fast Tempo",2,"Pop",3,"Male",3,247,4,20141122,2014,"1992",1992,22,1,"0"
"353",352,"Tennis Court","LORDE","Cool",5,"Medium Tempo",1,"Electronica",1,"Female",2,232,3,20140607,2014,"1996",1996,18,NA,"0"
"354",353,"Lay Me Down","SAM SMITH","Sophisticated",4,"Medium Tempo",1,"Urban",3,"Male",3,250,4,20150221,2015,"1992",1992,23,1,"0"
"355",354,"X","CHRIS BROWN","Sensual",2,"Slow Tempo",0,"Pop",3,"Mixed",1,201,2,20141004,2014,"1989",1989,25,1,"0"
"356",355,"American Kids","KENNY CHESNEY","Cool",5,"Medium Tempo",1,"Traditional",2,"Male",3,178,1,20140705,2014,"1968",1968,46,5,"0"
"357",356,"Wake Me Up!","AVICII","Defiant",3,"Medium Tempo",1,"Rock",1,"Male",3,211,3,20140104,2014,"1989",1989,25,1,"0"
"358",357,"Stuck On A Feeling","PRINCE ROYCE featuring SNOOP DOGG","Cool",5,"Medium Tempo",1,"Pop",3,"Male",3,0,0,20150110,2015,"0",1982,33,3,"0"
"359",358,"Love Don't Die","THE FRAY","Urgent",3,"Medium Tempo",1,"Rock",1,"Male",3,110,0,20140118,2014,"0",1982,32,3,"0"
"360",359,"6 Man","DRAKE","Cool",5,"Medium Tempo",1,"Urban",3,"Male",3,357,6,20150307,2015,"1986",1986,29,2,"0"
"361",360,"Fireflies","OWL CITY","Sensual",2,"Medium Tempo",1,"Alternative & Punk",1,"Male",3,225,3,20091107,2009,"1986",1986,23,1,"1"
"362",361,"A Guy Walks Into A Bar","TYLER FARR","Empowering",6,"Medium Tempo",1,"Traditional",2,"Male",3,194,2,20150117,2015,"0",1982,33,3,"0"
"363",362,"Red Lights","TIESTO","Yearning",4,"Medium Tempo",1,"Rock",1,"Male",3,228,3,20140329,2014,"1979",1979,35,3,"0"
"364",363,"Demons","IMAGINE DRAGONS","Yearning",4,"Medium Tempo",1,"Alternative & Punk",1,"Male",3,237,3,20140104,2014,"1987",1987,27,2,"0"
"365",364,"23","MIKE WILL MADE-IT feat MILEY CYRUS, WIZ KHALIFA & JUICY J","Cool",5,"Medium Tempo",1,"Urban",3,"Mixed",1,321,6,20140104,2014,"1992",1992,22,1,"0"
"366",365,"Leave The Night On","SAM HUNT","Yearning",4,"Medium Tempo",1,"Traditional",2,"Male",3,228,3,20140712,2014,"1984",1984,30,2,"0"
"367",366,"Booty","JENNIFER LOPEZ featuring IGGY AZALEA or PITBULL","Cool",5,"Medium Tempo",1,"Urban",3,"Female",2,242,4,20141004,2014,"1969",1969,45,5,"0"
"368",367,"Ain't It Fun","PARAMORE","Rowdy",4,"Medium Tempo",1,"Alternative & Punk",1,"Mixed",1,273,5,20140315,2014,"0",1982,32,3,"0"
"369",368,"I Don't Fuck With You","BIG SEAN featuring E-40","Defiant",3,"Medium Tempo",1,"Urban",3,"Male",3,248,4,20141011,2014,"0",1982,32,3,"0"
"370",369,"Yellow Flicker Beat","LORDE","Excited",5,"Fast Tempo",2,"Electronica",1,"Female",2,211,3,20141018,2014,"1996",1996,18,NA,"0"
"371",370,"Irreplaceable","BEYONCE","Sensual",2,"Slow Tempo",0,"Urban",3,"Female",2,300,5,20061216,2006,"1981",1981,25,1,"1"
"372",371,"Oceans (Where Feet May Fail)","HILLSONG UNITED","Romantic",2,"Medium Tempo",1,"Other",0,"Mixed",1,278,5,20140201,2014,"0",1982,32,3,"0"
"373",372,"Come With Me Now","KONGOS","Defiant",3,"Medium Tempo",1,"Alternative & Punk",1,"Male",3,183,2,20140419,2014,"0",1982,32,3,"0"
"374",373,"Soldier","DAMIEN","Sensual",2,"Medium Tempo",1,"Urban",3,"Male",3,300,5,20150103,2015,"0",1982,33,3,"0"
"375",374,"Replay","ZENDAYA","Excited",5,"Fast Tempo",2,"Pop",3,"Female",2,211,3,20140104,2014,"1996",1996,18,NA,"0"
"376",375,"Ordinary Love","U2","Empowering",6,"Medium Tempo",1,"Rock",1,"Male",3,241,4,20140308,2014,"1960",1960,54,7,"0"
"377",376,"Body Language","KID INK featuring USHER & TINASHE","Cool",5,"Slow Tempo",0,"Urban",3,"Male",3,178,1,20141025,2014,"1978",1978,36,3,"0"
"378",377,"Leave Your Lover","SAM SMITH","Easygoing",1,"Medium Tempo",1,"Urban",3,"Male",3,304,6,20140607,2014,"1992",1992,22,1,"0"
"379",378,"Bo$$","FIFTH HARMONY","Energizing",6,"Medium Tempo",1,"Pop",3,"Female",2,251,4,20140726,2014,"1993",1993,21,NA,"0"
"380",379,"Love Me Like You Do","ELLIE GOULDING","Empowering",6,"Slow Tempo",0,"Electronica",1,"Female",2,180,1,20150124,2015,"1986",1986,29,2,"0"
"381",380,"Locked Out Of Heaven","BRUNO MARS","Urgent",3,"Fast Tempo",2,"Pop",3,"Male",3,190,2,20121222,2012,"1985",1985,27,2,"1"
"382",381,"Stronger (What Doesn't Kill You)","KELLY CLARKSON","Excited",5,"Medium Tempo",1,"Pop",3,"Female",2,2591,6,20120218,2012,"1982",1982,30,2,"1"
"383",382,"Can't Hold Us","MACKLEMORE & RYAN LEWIS featuring RAY DALTON","Energizing",6,"Medium Tempo",1,"Urban",3,"Male",3,207,2,20130518,2013,"1983",1983,30,2,"1"
"384",383,"***Flawless","BEYONCE featuring NICKI MINAJ or CHIMAMANDA NGOZI ADICHIE","Defiant",3,"Medium Tempo",1,"Urban",3,"Female",2,234,3,20140913,2014,"1981",1981,33,3,"0"
"385",384,"Stoner","YOUNG THUG","Cool",5,"Medium Tempo",1,"Urban",3,"Male",3,253,4,20140301,2014,"0",1982,32,3,"0"
"386",385,"Party Rock Anthem","LMFAO featuring LAUREN BENNETT & GOONROCK","Excited",5,"Fast Tempo",2,"Pop",3,"Mixed",1,196,2,20110716,2011,"1975",1975,36,3,"1"
"387",386,"Right Round","FLO RIDA","Energizing",6,"Medium Tempo",1,"Urban",3,"Mixed",1,224,3,20090228,2009,"1979",1979,30,2,"1"
"388",387,"Try","COLBIE CAILLAT","Empowering",6,"Medium Tempo",1,"Pop",3,"Female",2,482,6,20140726,2014,"1985",1985,29,2,"0"
"389",388,"Just Give Me A Reason","P!NK featuring NATE RUESS","Gritty",3,"Medium Tempo",1,"Pop",3,"Mixed",1,223,3,20130427,2013,"1979",1979,34,3,"1"
"390",389,"Heroes (We Could Be)","ALESSO featuring TOVE LO","Empowering",6,"Medium Tempo",1,"Pop",3,"Mixed",1,274,5,20141018,2014,"0",1982,32,3,"0"
"391",390,"Sippin' On Fire","FLORIDA GEORGIA LINE","Upbeat",5,"Fast Tempo",2,"Traditional",2,"Male",3,250,4,20141025,2014,"1987",1987,27,2,"0"
"392",391,"Move That Doh","FUTURE featuring PHARRELL, PUSHA T & CASINO","Cool",5,"Medium Tempo",1,"Urban",3,"Male",3,212,3,20140329,2014,"1981",1981,33,3,"0"
"393",392,"Magic","COLDPLAY","Sensual",2,"Slow Tempo",0,"Alternative & Punk",1,"Male",3,163,1,20140322,2014,"1979",1979,35,3,"0"
"394",393,"Beg For It","IGGY AZALEA featuring MO","Cool",5,"Medium Tempo",1,"Pop",3,"Female",2,173,1,20141108,2014,"0",1982,32,3,"0"
"395",394,"Tonight Looks Good On You","JASON ALDEAN","Yearning",4,"Medium Tempo",1,"Traditional",2,"Male",3,215,3,20141011,2014,"1977",1977,37,4,"0"
"396",395,"Holy Grail","JAY Z featuring JUSTIN TIMBERLAKE","Energizing",6,"Fast Tempo",2,"Urban",3,"Male",3,221,3,20140104,2014,"1981",1981,33,3,"0"
"397",396,"Whatever You Like","T.I.","Cool",5,"Medium Tempo",1,"Urban",3,"Male",3,115,0,20080906,2008,"0",1982,26,1,"1"
"398",397,"Trap Queen","FETTY WAP","Energizing",6,"Medium Tempo",1,"Urban",3,"Male",3,232,3,20150207,2015,"0",1982,33,3,"0"
"399",398,"Boom Clap","CHARLI XCX","Defiant",3,"Medium Tempo",1,"Alternative & Punk",1,"Female",2,298,5,20140621,2014,"1992",1992,22,1,"0"
"400",399,"Wrecking Ball","MILEY CYRUS","Empowering",6,"Medium Tempo",1,"Pop",3,"Female",2,326,6,20140104,2014,"1992",1992,22,1,"0"
"401",400,"Bed Of Lies","NICKI MINAJ featuring SKYLAR GREY","Yearning",4,"Medium Tempo",1,"Urban",3,"Female",2,216,3,20141206,2014,"1982",1982,32,3,"0"
"402",401,"Crack A Bottle","EMINEM featuring DR. DRE & 50 CENT","Cool",5,"Medium Tempo",1,"Urban",3,"Male",3,105,0,20090221,2009,"1979",1979,30,2,"1"
"403",402,"Good Girls","5 SECONDS OF SUMMER","Melancholy",4,"Slow Tempo",0,"Pop",3,"Male",3,274,5,20140614,2014,"1996",1996,18,NA,"0"
"404",403,"She Looks So Perfect","5 SECONDS OF SUMMER","Peaceful",1,"Slow Tempo",0,"Pop",3,"Male",3,279,5,20140419,2014,"1996",1996,18,NA,"0"
"405",404,"Feelin' It","SCOTTY McCREERY","Rowdy",4,"Medium Tempo",1,"Urban",3,"Male",3,194,2,20141011,2014,"1993",1993,21,NA,"0"
"406",405,"Compass","LADY ANTEBELLUM","Urgent",3,"Medium Tempo",1,"Traditional",2,"Mixed",1,278,5,20140104,2014,"1986",1986,28,2,"0"
"407",406,"Later On","THE SWON BROTHERS","Empowering",6,"Medium Tempo",1,"Traditional",2,"Male",3,224,3,20140830,2014,"0",1982,32,3,"0"
"408",407,"Or Nah","TY DOLLA $IGN featuring WIZ KHALIFA & DJ MUSTARD","Cool",5,"Medium Tempo",1,"Urban",3,"Male",3,253,4,20140329,2014,"0",1982,32,3,"0"
"409",408,"Bartender","LADY ANTEBELLUM","Yearning",4,"Medium Tempo",1,"Traditional",2,"Mixed",1,270,4,20140607,2014,"1986",1986,28,2,"0"
"410",409,"You & I (Nobody In The World)","JOHN LEGEND","Melancholy",4,"Slow Tempo",0,"Urban",3,"Male",3,251,4,20140726,2014,"1978",1978,36,3,"0"
"411",410,"TKO","JUSTIN TIMBERLAKE","Defiant",3,"Medium Tempo",1,"Pop",3,"Male",3,44,0,20140104,2014,"1981",1981,33,3,"0"
"412",411,"Shades Of Cool","LANA DEL REY","Sophisticated",4,"Slow Tempo",0,"Electronica",1,"Female",2,209,2,20140614,2014,"1985",1985,29,2,"0"
"413",412,"Sail","AWOLNATION","Cool",5,"Medium Tempo",1,"Alternative & Punk",1,"Male",3,192,2,20140104,2014,"1978",1978,36,3,"0"
"414",413,"Til It's Gone","KENNY CHESNEY","Cool",5,"Medium Tempo",1,"Urban",3,"Mixed",1,280,5,20141115,2014,"1968",1968,46,5,"0"
"415",414,"Shotgun Rider","TIM McGRAW","Gritty",3,"Medium Tempo",1,"Traditional",2,"Mixed",1,226,3,20141018,2014,"1967",1967,47,6,"0"
"416",415,"Legend","DRAKE","Cool",5,"Medium Tempo",1,"Urban",3,"Male",3,243,4,20150228,2015,"1986",1986,29,2,"0"
"417",416,"Drunk On A Plane","DIERKS BENTLEY","Upbeat",5,"Medium Tempo",1,"Traditional",2,"Male",3,184,2,20140531,2014,"1975",1975,39,4,"0"
"418",417,"Rewind","RASCAL FLATTS","Empowering",6,"Medium Tempo",1,"Traditional",2,"Male",3,191,2,20140201,2014,"0",1982,32,3,"0"
"419",418,"Midnight","COLDPLAY","Sensual",2,"Medium Tempo",1,"Alternative & Punk",1,"Male",3,212,3,20140503,2014,"1979",1979,35,3,"0"
"420",419,"Kiss Kiss","CHRIS BROWN featuring T-PAIN","Cool",5,"Medium Tempo",1,"Urban",3,"Male",3,272,5,20071110,2007,"1989",1989,18,NA,"1"
"421",420,"Beautiful Girls","SEAN KINGSTON","Cool",5,"Medium Tempo",1,"Pop",3,"Male",3,209,2,20070811,2007,"1990",1990,17,NA,"1"
"422",421,"For The First Time In Forever","KRISTEN BELL & IDINA MENZEL","Lively",5,"Medium Tempo",1,"Soundtrack",0,"Female",2,239,3,20140111,2014,"0",1982,32,3,"0"
"423",422,"Say You Do","DIERKS BENTLEY","Yearning",4,"Medium Tempo",1,"Traditional",2,"Male",3,308,6,20150131,2015,"1975",1975,40,4,"0"
"424",423,"Hey Brother","AVICII","Brooding",4,"Medium Tempo",1,"Electronica",1,"Male",3,198,2,20140104,2014,"1989",1989,25,1,"0"
"425",424,"Stronger","KANYE WEST","Cool",5,"Medium Tempo",1,"Urban",3,"Male",3,166,1,20070929,2007,"1977",1977,30,2,"1"
"426",425,"We R Who We R","KE$HA","Urgent",3,"Medium Tempo",1,"Pop",3,"Female",2,151,1,20101113,2010,"1987",1987,23,1,"1"
"427",426,"El Perdedor","ENRIQUE IGLESIAS featuring MARCO ANTONIO SOLIS","Sophisticated",4,"Slow Tempo",0,"Other",0,"Male",3,230,3,20140208,2014,"1979",1979,35,3,"0"
"428",427,"Wild Wild Love","PITBULL featuring G.R.L.","Excited",5,"Medium Tempo",1,"Pop",3,"Mixed",1,153,1,20140315,2014,"1970",1970,44,5,"0"
"429",428,"TiK ToK","KE$HA","Energizing",6,"Medium Tempo",1,"Pop",3,"Female",2,107,0,20100102,2010,"1987",1987,23,1,"1"
"430",429,"Angel In Blue Jeans","TRAIN","Brooding",4,"Medium Tempo",1,"Rock",1,"Male",3,273,5,20140927,2014,"0",1982,32,3,"0"
"431",430,"Live Your Life","T.I. featuring RIHANNA","Rowdy",4,"Medium Tempo",1,"Urban",3,"Mixed",1,237,3,20081018,2008,"1981",1981,27,2,"1"
"432",431,"Bumpin' The Night","FLORIDA GEORGIA LINE","Upbeat",5,"Fast Tempo",2,"Traditional",2,"Male",3,19,0,20141018,2014,"1987",1987,27,2,"0"
"433",432,"m.A.A.d City","KENDRICK LAMAR featuring MC EIHT","Defiant",3,"Medium Tempo",1,"Urban",3,"Male",3,0,0,20140215,2014,"0",1982,32,3,"0"
"434",433,"One Last Time","ARIANA GRANDE","Excited",5,"Medium Tempo",1,"Pop",3,"Female",2,306,6,20150228,2015,"1993",1993,22,1,"0"
"435",434,"CoCo","O.T. GENASIS","Sensual",2,"Medium Tempo",1,"Jazz",0,"Male",3,329,6,20141206,2014,"0",1982,32,3,"0"
"436",435,"Shake It Off","TAYLOR SWIFT","Excited",5,"Medium Tempo",1,"Pop",3,"Female",2,286,5,20140906,2014,"1989",1989,25,1,"1"
"437",436,"Firework","KATY PERRY","Empowering",6,"Medium Tempo",1,"Pop",3,"Female",2,252,4,20101218,2010,"1984",1984,26,1,"1"
"438",437,"Give Me Everything","PITBULL featuring NE-YO, AFROJACK & NAYER","Energizing",6,"Fast Tempo",2,"Urban",3,"Mixed",1,244,4,20110709,2011,"1970",1970,41,4,"1"
"439",438,"They Don't Know","RICO LOVE","Cool",5,"Medium Tempo",1,"Urban",3,"Male",3,271,5,20140208,2014,"1982",1982,32,3,"0"
"440",439,"Summer","CALVIN HARRIS","Defiant",3,"Medium Tempo",1,"Alternative & Punk",1,"Male",3,343,6,20140405,2014,"1984",1984,30,2,"0"
"441",440,"HeadBand","B.O.B featuring 2 CHAINZ","Defiant",3,"Medium Tempo",1,"Urban",3,"Male",3,239,3,20140104,2014,"0",1982,32,3,"0"
"442",441,"Foreign","TREY SONGZ","Defiant",3,"Medium Tempo",1,"Urban",3,"Male",3,202,2,20140719,2014,"1984",1984,30,2,"0"
"443",442,"I Got A Car","GEORGE STRAIT","Empowering",6,"Medium Tempo",1,"Traditional",2,"Male",3,191,2,20140614,2014,"1952",1952,62,9,"0"
"444",443,"Trumpets","JASON DERULO","Lively",5,"Fast Tempo",2,"Pop",3,"Male",3,190,2,20140614,2014,"0",1982,32,3,"0"
"445",444,"Mary, Did You Know?","PENTATONIX","Melancholy",4,"Medium Tempo",1,"Pop",3,"Mixed",1,0,0,20141206,2014,"1992",1992,22,1,"0"
"446",445,"Poker Face","LADY GAGA","Energizing",6,"Medium Tempo",1,"Pop",3,"Female",2,231,3,20090411,2009,"1986",1986,23,1,"1"
"447",446,"Thrift Shop","MACKLEMORE & RYAN LEWIS featuring WANZ","Cool",5,"Slow Tempo",0,"Urban",3,"Male",3,229,3,20130202,2013,"1983",1983,30,2,"1"
"448",447,"Feelin' Myself","WILL.I.AM featuring MILEY CYRUS, FRENCH MONTANA, WIZ KHALIFA","Defiant",3,"Medium Tempo",1,"Urban",3,"Male",3,190,2,20140426,2014,"1990",1990,24,1,"0"
"449",448,"Disturbia","RIHANNA","Urgent",3,"Medium Tempo",1,"Urban",3,"Female",2,235,3,20080823,2008,"1988",1988,20,NA,"1"
"450",449,"Ridin'","CHAMILLIONAIRE featuring KRAYZIE BONE","Cool",5,"Medium Tempo",1,"Urban",3,"Male",3,187,2,20060603,2006,"1979",1979,27,2,"1"
"451",450,"Break Free","ARIANA GRANDE featuring ZEDD","Excited",5,"Medium Tempo",1,"Pop",3,"Mixed",1,249,4,20140719,2014,"1992",1992,22,1,"0"
"452",451,"E.T.","KATY PERRY featuring KANYE WEST","Energizing",6,"Medium Tempo",1,"Pop",3,"Mixed",1,252,4,20110409,2011,"1984",1984,27,2,"1"
"453",452,"Guts Over Fear","EMINEM featuring SIA","Defiant",3,"Medium Tempo",1,"Urban",3,"Mixed",1,189,2,20140913,2014,"1979",1979,35,3,"0"
"454",453,"All I Want For Christmas Is You","MARIAH CAREY","Empowering",6,"Medium Tempo",1,"Urban",3,"Female",2,183,2,20140104,2014,"1970",1970,44,5,"0"
"455",454,"Ready Set Roll","CHASE RICE","Yearning",4,"Medium Tempo",1,"Traditional",2,"Male",3,0,0,20140621,2014,"1985",1985,29,2,"0"
"456",455,"What Goes Around...","JUSTIN TIMBERLAKE","Energizing",6,"Fast Tempo",2,"Pop",3,"Male",3,346,6,20070303,2007,"1981",1981,26,1,"1"
"457",456,"Loyal","CHRIS BROWN featuring LIL WAYNE & FRENCH MONTANA or & TOO SH","Defiant",3,"Medium Tempo",1,"Urban",3,"Male",3,256,4,20140201,2014,"1989",1989,25,1,"0"
"458",457,"Honey, I'm Good.","ANDY GRAMMER","Excited",5,"Medium Tempo",1,"Pop",3,"Male",3,225,3,20150228,2015,"1983",1983,32,3,"0"
"459",458,"Achy Breaky 2","BUCK 22 featuring BILLY RAY CYRUS","Defiant",3,"Medium Tempo",1,"Traditional",2,"Male",3,60,0,20140301,2014,"0",1982,32,3,"0"
"460",459,"Have Yourself A Merry Little Christmas","SAM SMITH","Melancholy",4,"Slow Tempo",0,"Urban",3,"Male",3,182,2,20141227,2014,"1992",1992,22,1,"0"
"461",460,"My Love","JUSTIN TIMBERLAKE featuring T.I.","Cool",5,"Medium Tempo",1,"Pop",3,"Male",3,299,5,20061111,2006,"1981",1981,25,1,"1"
"462",461,"Try Me","DEJ LOAF","Sensual",2,"Medium Tempo",1,"Urban",3,"Female",2,202,2,20141108,2014,"0",1982,32,3,"0"
"463",462,"19 You + Me","DAN + SHAY","Empowering",6,"Medium Tempo",1,"Traditional",2,"Male",3,220,3,20140118,2014,"0",1982,32,3,"0"
"464",463,"Lettin' The Night Roll","JUSTIN MOORE","Yearning",4,"Medium Tempo",1,"Traditional",2,"Male",3,278,5,20140308,2014,"1984",1984,30,2,"0"
"465",464,"Take A Bow","RIHANNA","Sensual",2,"Slow Tempo",0,"Urban",3,"Female",2,234,3,20080524,2008,"1988",1988,20,NA,"1"
"466",465,"Now & Forever","DRAKE","Cool",5,"Medium Tempo",1,"Urban",3,"Male",3,321,6,20150307,2015,"1986",1986,29,2,"0"
"467",466,"Radio","DARIUS RUCKER","Rowdy",4,"Medium Tempo",1,"Traditional",2,"Male",3,194,2,20140104,2014,"1966",1966,48,6,"0"
"468",467,"We Were Us","KEITH URBAN & MIRANDA LAMBERT","Upbeat",5,"Medium Tempo",1,"Traditional",2,"Mixed",1,0,0,20140104,2014,"0",1982,32,3,"0"
"469",468,"Blank Space","TAYLOR SWIFT","Sensual",2,"Slow Tempo",0,"Pop",3,"Female",2,252,4,20141129,2014,"1989",1989,25,1,"1"
"470",469,"When She Says Baby","JASON ALDEAN","Yearning",4,"Medium Tempo",1,"Traditional",2,"Male",3,183,2,20140104,2014,"1977",1977,37,4,"0"
"471",470,"In Your Arms","NICO & VINZ","Yearning",4,"Medium Tempo",1,"Pop",3,"Male",3,211,3,20141101,2014,"1990",1990,24,1,"0"
"472",471,"Sweet Annie","ZAC BROWN BAND","Empowering",6,"Slow Tempo",0,"Traditional",2,"Male",3,160,1,20140104,2014,"0",1982,32,3,"0"
"473",472,"Just The Way You Are","BRUNO MARS","Cool",5,"Medium Tempo",1,"Pop",3,"Male",3,222,3,20101002,2010,"1985",1985,25,1,"1"
"474",473,"Temperature","SEAN PAUL","Energizing",6,"Medium Tempo",1,"Other",0,"Male",3,187,2,20060401,2006,"1973",1973,33,3,"1"
"475",474,"Believe Me","LIL WAYNE featuring DRAKE","Cool",5,"Medium Tempo",1,"Urban",3,"Male",3,244,4,20140614,2014,"1982",1982,32,3,"0"
"476",475,"Break The Rules","CHARLI XCX","Defiant",3,"Medium Tempo",1,"Alternative & Punk",1,"Female",2,194,2,20141227,2014,"1992",1992,22,1,"0"
"477",476,"Problem","ARIANA GRANDE featuring IGGY AZALEA","Defiant",3,"Fast Tempo",2,"Alternative & Punk",1,"Male",3,198,2,20140517,2014,"1994",1994,20,NA,"0"
"478",477,"Good Kisser","USHER","Cool",5,"Slow Tempo",0,"Urban",3,"Male",3,237,3,20140524,2014,"1978",1978,36,3,"0"
"479",478,"Moves Like Jagger","MAROON 5 featuring CHRISTINA AGUILERA","Excited",5,"Medium Tempo",1,"Pop",3,"Male",3,215,3,20110910,2011,"1979",1979,32,3,"1"
"480",479,"Where It's At","DUSTIN LYNCH","Upbeat",5,"Medium Tempo",1,"Traditional",2,"Male",3,259,4,20140503,2014,"1985",1985,29,2,"0"
"481",480,"Rather Be","CLEAN BANDIT featuring JESS GLYNNE","Brooding",4,"Medium Tempo",1,"Alternative & Punk",1,"Male",3,201,2,20140628,2014,"0",1982,32,3,"0"
"482",481,"42196","BEYONCE","Aggressive",4,"Medium Tempo",1,"Electronica",1,"Male",3,195,2,20141213,2014,"1981",1981,33,3,"0"
"483",482,"Big Girls Don't Cry","FERGIE","Empowering",6,"Medium Tempo",1,"Pop",3,"Female",2,259,4,20070908,2007,"1975",1975,32,3,"1"
"484",483,"Story Of My Life","ONE DIRECTION","Empowering",6,"Slow Tempo",0,"Pop",3,"Male",3,219,3,20140104,2014,"1994",1994,20,NA,"0"
"485",484,"Run It!","CHRIS BROWN","Energizing",6,"Medium Tempo",1,"Urban",3,"Male",3,249,4,20051126,2005,"1989",1989,16,NA,"1"
"486",485,"I Don't Mind","USHER featuring JUICY J","Sensual",2,"Medium Tempo",1,"Urban",3,"Male",3,187,2,20141206,2014,"1978",1978,36,3,"0"
"487",486,"It Won't Stop","SEVYN STREETER featuring CHRIS BROWN","Excited",5,"Medium Tempo",1,"Urban",3,"Mixed",1,0,0,20140104,2014,"0",1982,32,3,"0"
"488",487,"Lonely Tonight","BLAKE SHELTON featuring ASHLEY MONROE","Empowering",6,"Slow Tempo",0,"Pop",3,"Female",2,316,6,20141220,2014,"0",1982,32,3,"0"
"489",488,"Lean Back","TERROR SQUAD","Cool",5,"Slow Tempo",0,"Urban",3,"Mixed",1,384,6,20040821,2004,"1970",1970,34,3,"1"
"490",489,"Just Gettin' Started","JASON ALDEAN","Gritty",3,"Medium Tempo",1,"Traditional",2,"Male",3,230,3,20141018,2014,"1977",1977,37,4,"0"
"491",490,"Stay","FLORIDA GEORGIA LINE","Empowering",6,"Medium Tempo",1,"Traditional",2,"Male",3,5839,6,20140104,2014,"1987",1987,27,2,"0"
"492",491,"Something Big","SHAWN MENDES","Defiant",3,"Medium Tempo",1,"Pop",3,"Male",3,214,3,20141122,2014,"1999",1999,15,NA,"0"
"493",492,"Dirt","FLORIDA GEORGIA LINE","Yearning",4,"Medium Tempo",1,"Traditional",2,"Male",3,267,4,20140726,2014,"1987",1987,27,2,"0"
"494",493,"Burn","USHER","Sensual",2,"Medium Tempo",1,"Urban",3,"Male",3,257,4,20040522,2004,"1978",1978,26,1,"1"
"495",494,"The Christmas Song (Merry Christmas To You)","NAT KING COLE","Romantic",2,"Medium Tempo",1,"Pop",3,"Male",3,178,1,20140104,2014,"1919",1919,95,9,"0"
"496",495,"Ten Feet Tall","AFROJACK featuring WRABEL","Empowering",6,"Medium Tempo",1,"Electronica",1,"Male",3,324,6,20140719,2014,"0",1982,32,3,"0"
"497",496,"Check On It","BEYONCE featuring SLIM THUG","Energizing",6,"Medium Tempo",1,"Urban",3,"Mixed",1,399,6,20060204,2006,"1981",1981,25,1,"1"
"498",497,"No Type","RAE SREMMURD","Defiant",3,"Medium Tempo",1,"Urban",3,"Male",3,880,6,20141011,2014,"0",1982,32,3,"0"
"499",498,"2 On","TINASHE featuring SCHOOLBOY Q","Cool",5,"Medium Tempo",1,"Pop",3,"Mixed",1,0,0,20140524,2014,"0",1982,32,3,"0"
"500",499,"Prayer In C","LILLYWOOD & ROBIN SCHULZ","Sentimental",4,"Slow Tempo",0,"Alternative & Punk",1,"Mixed",1,214,3,20141220,2014,"0",1982,32,3,"0"
"501",500,"Girl Crush","LITTLE BIG TOWN","Empowering",6,"Medium Tempo",1,"Traditional",2,"Mixed",1,6840,6,20150221,2015,"1971",1971,44,5,"0"
"502",501,"Afire Love","ED SHEERAN","Yearning",4,"Medium Tempo",1,"Pop",3,"Male",3,236,3,20140705,2014,"1991",1991,23,1,"0"
"503",502,"Slow Down","SELENA GOMEZ","Energizing",6,"Medium Tempo",1,"Pop",3,"Female",2,290,5,20140104,2014,"1992",1992,22,1,"0"
"504",503,"I'm Not Gonna Miss You","GLEN CAMPBELL","Melancholy",4,"Medium Tempo",1,"Pop",3,"Male",3,248,4,20141101,2014,"0",1982,32,3,"0"
"505",504,"Come Get It Bae","PHARRELL","Energizing",6,"Medium Tempo",1,"Pop",3,"Male",3,197,2,20140524,2014,"1973",1973,41,4,"0"
"506",505,"Team","LORDE","Excited",5,"Medium Tempo",1,"Electronica",1,"Female",2,227,3,20140104,2014,"1996",1996,18,NA,"0"
"507",506,"Say It Right","NELLY FURTADO","Energizing",6,"Medium Tempo",1,"Pop",3,"Female",2,205,2,20070224,2007,"1978",1978,29,2,"1"
"508",507,"Song About A Girl","ERIC PASLAY","Yearning",4,"Medium Tempo",1,"Traditional",2,"Male",3,0,0,20140621,2014,"1983",1983,31,2,"0"
"509",508,"Immortals","FALL OUT BOY","Urgent",3,"Medium Tempo",1,"Alternative & Punk",1,"Male",3,202,2,20150207,2015,"1984",1984,31,2,"0"
"510",509,"Shower","BECKY G","Empowering",6,"Medium Tempo",1,"Pop",3,"Female",2,238,3,20140621,2014,"1997",1997,17,NA,"0"
"511",510,"Come Join The Murder","THE WHITE BUFFALO & THE FOREST RANGERS","Melancholy",4,"Medium Tempo",1,"Rock",1,"Male",3,206,2,20141227,2014,"0",1982,32,3,"0"
"512",511,"The Walker","FITZ AND THE TANTRUMS","Urgent",3,"Fast Tempo",2,"Alternative & Punk",1,"Mixed",1,241,4,20140315,2014,"0",1982,32,3,"0"
"513",512,"Trophies","YOUNG MONEY featuring DRAKE","Sensual",2,"Medium Tempo",1,"Urban",3,"Male",3,0,0,20140322,2014,"1986",1986,28,2,"0"
"514",513,"La La La","NAUGHTY BOY featuring SAM SMITH","Sensual",2,"Medium Tempo",1,"Urban",3,"Male",3,214,3,20140308,2014,"1992",1992,22,1,"0"
"515",514,"Lookin' For That Girl","TIM McGRAW","Empowering",6,"Medium Tempo",1,"Traditional",2,"Male",3,266,4,20140405,2014,"1967",1967,47,6,"0"
"516",515,"Up All Night","JON PARDI","Rowdy",4,"Medium Tempo",1,"Traditional",2,"Male",3,211,3,20140104,2014,"1985",1985,29,2,"0"
"517",516,"Take Me To The Church","MATT McANDREW","Defiant",3,"Medium Tempo",1,"Pop",3,"Male",3,231,3,20141206,2014,"1990",1990,24,1,"0"
"518",517,"Where You Belong","THE WEEKND","Sensual",2,"Medium Tempo",1,"Alternative & Punk",1,"Male",3,147,0,20150228,2015,"0",1982,33,3,"0"
"519",518,"The Heart Of Dixie","DANIELLE BRADBERY","Empowering",6,"Slow Tempo",0,"Traditional",2,"Female",2,3064,6,20140111,2014,"0",1982,32,3,"0"
"520",519,"We Are Young","FUN. featuring JANELLE MONAE","Brooding",4,"Slow Tempo",0,"Pop",3,"Mixed",1,4,0,20120317,2012,"1985",1985,27,2,"1"
"521",520,"Really Don't Care","DEMI LOVATO featuring CHER LLOYD","Excited",5,"Medium Tempo",1,"Pop",3,"Female",2,209,2,20140628,2014,"1992",1992,22,1,"0"
"522",521,"Can't Raise A Man","K. MICHELLE","Sensual",2,"Medium Tempo",1,"Urban",3,"Female",2,217,3,20140215,2014,"1982",1982,32,3,"0"
"523",522,"Secrets","MARY LAMBERT","Excited",5,"Medium Tempo",1,"Pop",3,"Female",2,232,3,20140920,2014,"0",1982,32,3,"0"
"524",523,"Love Runs Out","ONEREPUBLIC","Rowdy",4,"Medium Tempo",1,"Alternative & Punk",1,"Male",3,77,0,20140503,2014,"1979",1979,35,3,"0"
"525",524,"Energy","DRAKE","Cool",5,"Medium Tempo",1,"Urban",3,"Male",3,321,6,20150228,2015,"1986",1986,29,2,"0"
"526",525,"Make It Rain","ED SHEERAN","Rowdy",4,"Medium Tempo",1,"Alternative & Punk",1,"Male",3,220,3,20141220,2014,"1991",1991,23,1,"0"
"527",526,"I'm Ready","AJR","Melancholy",4,"Slow Tempo",0,"Traditional",2,"Female",2,238,3,20140621,2014,"0",1982,32,3,"0"
"528",527,"Sugar","MAROON 5","Rowdy",4,"Fast Tempo",2,"Rock",1,"Male",3,129,0,20150131,2015,"1981",1981,34,3,"0"
"529",528,"18","ONE DIRECTION","Yearning",4,"Medium Tempo",1,"Pop",3,"Male",3,76,0,20141129,2014,"1994",1994,20,NA,"0"
"530",529,"Shut Up And Dance","WALK THE MOON","Defiant",3,"Medium Tempo",1,"Alternative & Punk",1,"Male",3,252,4,20141213,2014,"0",1982,32,3,"0"
"531",530,"The Way You Move","OUTKAST feat SLEEPY BROWN","Energizing",6,"Medium Tempo",1,"Pop",3,"Male",3,79,0,20040214,2004,"1975",1975,29,2,"1"
"532",531,"Who You Love","JOHN MAYER featuring KATY PERRY","Empowering",6,"Slow Tempo",0,"Pop",3,"Mixed",1,278,5,20140104,2014,"0",1982,32,3,"0"
"533",532,"Beat Of The Music","BRETT ELDREDGE","Upbeat",5,"Medium Tempo",1,"Traditional",2,"Male",3,308,6,20140222,2014,"1986",1986,28,2,"0"
"534",533,"Let Her Go","PASSENGER","Yearning",4,"Fast Tempo",2,"Alternative & Punk",1,"Male",3,235,3,20140104,2014,"0",1982,32,3,"0"
"535",534,"Hold It Against Me","BRITNEY SPEARS","Excited",5,"Fast Tempo",2,"Pop",3,"Female",2,138,0,20110129,2011,"1981",1981,30,2,"1"
"536",535,"Ain't Worth The Whiskey","COLE SWINDELL","Empowering",6,"Medium Tempo",1,"Traditional",2,"Male",3,251,4,20150117,2015,"1983",1983,32,3,"0"
"537",536,"Hideaway","KIESZA","Energizing",6,"Medium Tempo",1,"Electronica",1,"Female",2,248,4,20140802,2014,"1989",1989,25,1,"0"
"538",537,"Lolly","MAEJOR ALI featuring JUICY J & JUSTIN BIEBER","Defiant",3,"Medium Tempo",1,"Urban",3,"Male",3,673,6,20140111,2014,"0",1982,32,3,"0"
"539",538,"Title","MEGHAN TRAINOR","Yearning",4,"Medium Tempo",1,"Pop",3,"Female",2,0,0,20150110,2015,"1993",1993,22,1,"0"
"540",539,"On Top Of The World","IMAGINE DRAGONS","Yearning",4,"Medium Tempo",1,"Alternative & Punk",1,"Male",3,0,0,20140215,2014,"1987",1987,27,2,"0"
"541",540,"Hold You Down","DJ KHALED feat CHRIS BROWN, AUGUST ALSINA, FUTURE & JEREMIH","Sensual",2,"Slow Tempo",0,"Urban",3,"Mixed",1,238,3,20140920,2014,"1989",1989,25,1,"0"
"542",541,"Glamorous","FERGIE featuring LUDACRIS","Energizing",6,"Medium Tempo",1,"Pop",3,"Mixed",1,279,5,20070324,2007,"1975",1975,32,3,"1"
"543",542,"Feeling Myself","NICKI MINAJ featuring BEYONCE","Cool",5,"Medium Tempo",1,"Urban",3,"Female",2,261,4,20150103,2015,"1982",1982,33,3,"0"
"544",543,"Jealous","NICK JONAS","Excited",5,"Medium Tempo",1,"Pop",3,"Male",3,352,6,20140927,2014,"1992",1992,22,1,"0"
"545",544,"Young Girls","BRUNO MARS","Empowering",6,"Medium Tempo",1,"Pop",3,"Male",3,222,3,20140118,2014,"1985",1985,29,2,"0"
"546",545,"Bottoms Up","BRANTLEY GILBERT","Yearning",4,"Medium Tempo",1,"Traditional",2,"Male",3,243,4,20140104,2014,"1985",1985,29,2,"0"
"547",546,"Out Of The Woods","TAYLOR SWIFT","Defiant",3,"Medium Tempo",1,"Pop",3,"Female",2,374,6,20141101,2014,"1989",1989,25,1,"0"
"548",547,"Can't Remember To Forget You","SHAKIRA featuring RIHANNA","Urgent",3,"Fast Tempo",2,"Pop",3,"Female",2,272,5,20140201,2014,"1977",1977,37,4,"0"
"549",548,"Everything I Shouldn't Be Thinking About","THOMPSON SQUARE","Defiant",3,"Medium Tempo",1,"Alternative & Punk",1,"Male",3,212,3,20140201,2014,"0",1982,32,3,"0"
"550",549,"XO","BEYONCE","Excited",5,"Fast Tempo",2,"Urban",3,"Female",2,221,3,20140104,2014,"1981",1981,33,3,"0"
"551",550,"Call Me Maybe","CARLY RAE JEPSEN","Excited",5,"Medium Tempo",1,"Pop",3,"Female",2,203,2,20120623,2012,"1985",1985,27,2,"1"
"552",551,"Ayo","CHRIS BROWN & TYGA","Sensual",2,"Slow Tempo",0,"Urban",3,"Male",3,211,3,20150124,2015,"1989",1989,26,1,"0"
"553",552,"Beachin'","JAKE OWEN","Yearning",4,"Medium Tempo",1,"Traditional",2,"Male",3,5434,6,20140412,2014,"1981",1981,33,3,"0"
"554",553,"Chasing The Sun","HILARY DUFF","Empowering",6,"Medium Tempo",1,"Rock",1,"Male",3,0,0,20140816,2014,"1987",1987,27,2,"0"
"555",554,"The Man","ALOE BLACC","Yearning",4,"Medium Tempo",1,"Urban",3,"Male",3,201,2,20140118,2014,"1979",1979,35,3,"0"
"556",555,"Low","FLO RIDA featuring T-PAIN","Brooding",4,"Medium Tempo",1,"Alternative & Punk",1,"Male",3,212,3,20080105,2008,"1979",1979,29,2,"1"
"557",556,"Lollipop","LIL WAYNE featuring STATIC MAJOR","Cool",5,"Medium Tempo",1,"Urban",3,"Male",3,260,4,20080503,2008,"1982",1982,26,1,"1"
"558",557,"Rockin' Around The Christmas Tree","BRENDA LEE","Upbeat",5,"Medium Tempo",1,"Traditional",2,"Female",2,334,6,20140104,2014,"1944",1944,70,9,"0"
"559",558,"Laffy Taffy","D4L","Energizing",6,"Medium Tempo",1,"Urban",3,"Male",3,237,3,20060114,2006,"1983",1983,23,1,"1"
"560",559,"Ultraviolence","LANA DEL REY","Empowering",6,"Medium Tempo",1,"Electronica",1,"Female",2,209,2,20140621,2014,"1985",1985,29,2,"0"
"561",560,"Black Widow","IGGY AZALEA featuring RITA ORA","Excited",5,"Fast Tempo",2,"Urban",3,"Female",2,212,3,20140719,2014,"0",1982,32,3,"0"
"562",561,"Everything Is AWESOME!!!","TEGAN AND SARA featuring THE LONELY ISLAND","Excited",5,"Fast Tempo",2,"Soundtrack",0,"Mixed",1,278,5,20140301,2014,"0",1982,32,3,"0"
"563",562,"Brave","SARA BAREILLES","Excited",5,"Fast Tempo",2,"Pop",3,"Female",2,207,2,20140104,2014,"1979",1979,35,3,"0"
"564",563,"Confessions Part II","USHER","Sensual",2,"Medium Tempo",1,"Urban",3,"Male",3,205,2,20040724,2004,"1978",1978,26,1,"1"
"565",564,"Seen It All","JEEZY featuring JAY Z","Defiant",3,"Medium Tempo",1,"Urban",3,"Male",3,145,0,20140920,2014,"0",1982,32,3,"0"
"566",565,"Part II (On The Run)","JAY Z featuring BEYONCE","Energizing",6,"Medium Tempo",1,"Urban",3,"Mixed",1,3962,6,20140308,2014,"0",1982,32,3,"0"
"567",566,"Hips Don't Lie","SHAKIRA featuring WYCLEF JEAN","Fiery",4,"Medium Tempo",1,"Urban",3,"Mixed",1,41,0,20060617,2006,"1977",1977,29,2,"1"
"568",567,"Up Down (Do This All Day)","T-PAIN featuring B.O.B","Energizing",6,"Medium Tempo",1,"Urban",3,"Male",3,407,6,20140104,2014,"1985",1985,29,2,"0"
"569",568,"Candy Shop","50 CENT featuring OLIVIA","Cool",5,"Slow Tempo",0,"Urban",3,"Mixed",1,317,6,20050305,2005,"1975",1975,30,2,"1"
"570",569,"Play It Again","LUKE BRYAN","Empowering",6,"Medium Tempo",1,"Traditional",2,"Male",3,217,3,20140329,2014,"1976",1976,38,4,"0"
"571",570,"Sleeping With A Friend","NEON TREES","Defiant",3,"Medium Tempo",1,"Alternative & Punk",1,"Male",3,247,4,20140315,2014,"0",1982,32,3,"0"
"572",571,"Keep Them Kisses Comin'","CRAIG CAMPBELL","Gritty",3,"Medium Tempo",1,"Traditional",2,"Male",3,229,3,20140517,2014,"0",1982,32,3,"0"
"573",572,"Glory And Gore","LORDE","Cool",5,"Medium Tempo",1,"Electronica",1,"Female",2,182,2,20140308,2014,"1996",1996,18,NA,"0"
"574",573,"FourFiveSeconds","RIHANNA & KANYE WEST & PAUL McCARTNEY","Empowering",6,"Medium Tempo",1,"Pop",3,"Mixed",1,219,3,20150207,2015,"1981",1981,34,3,"0"
"575",574,"Get On Your Knees","NICKI MINAJ featuring ARIANA GRANDE","Energizing",6,"Fast Tempo",2,"Urban",3,"Female",2,0,0,20150103,2015,"1982",1982,33,3,"0"
"576",575,"My Eyes","BLAKE SHELTON featuring GWEN SEBASTIAN","Empowering",6,"Medium Tempo",1,"Traditional",2,"Mixed",1,258,4,20140517,2014,"0",1982,32,3,"0"
"577",576,"Radioactive","IMAGINE DRAGONS","Brooding",4,"Medium Tempo",1,"Alternative & Punk",1,"Male",3,241,4,20140104,2014,"1979",1979,35,3,"0"
"578",577,"Bad Bitch","FRENCH MONTANA featuring JEREMIH","Energizing",6,"Medium Tempo",1,"Urban",3,"Male",3,201,2,20150110,2015,"0",1982,33,3,"0"
"579",578,"Royals","LORDE","Cool",5,"Medium Tempo",1,"Electronica",1,"Female",2,320,6,20131012,2013,"1996",1996,17,NA,"1"
"580",579,"Heart Attack","ENRIQUE IGLESIAS","Sensual",2,"Slow Tempo",0,"Other",0,"Male",3,228,3,20140111,2014,"1975",1975,39,4,"0"
"581",580,"Blurred Lines","ROBIN THICKE featuring T.I. & PHARRELL","Energizing",6,"Medium Tempo",1,"Pop",3,"Male",3,14,0,20130622,2013,"1977",1977,36,3,"1"
"582",581,"Safe And Sound","CAPITAL CITIES","Excited",5,"Medium Tempo",1,"Alternative & Punk",1,"Male",3,0,0,20140104,2014,"0",1982,32,3,"0"
"583",582,"Slave To The Rhythm","MICHAEL JACKSON","Fiery",4,"Medium Tempo",1,"Urban",3,"Male",3,238,3,20140607,2014,"1958",1958,56,7,"0"
"584",583,"Black And Yellow","WIZ KHALIFA","Cool",5,"Medium Tempo",1,"Urban",3,"Male",3,3662,6,20110219,2011,"1987",1987,24,1,"1"
"585",584,"Chainsaw","THE BAND PERRY","Yearning",4,"Medium Tempo",1,"Traditional",2,"Mixed",1,1158,6,20140531,2014,"1983",1983,31,2,"0"
"586",585,"I Believe","FANTASIA","Empowering",6,"Medium Tempo",1,"Urban",3,"Female",2,205,2,20040710,2004,"1984",1984,20,NA,"1"
"587",586,"Wild Life","JACK & JACK","Defiant",3,"Medium Tempo",1,"Pop",3,"Male",3,41,0,20140823,2014,"0",1982,32,3,"0"
"588",587,"Masterpiece","JESSIE J","Energizing",6,"Medium Tempo",1,"Pop",3,"Female",2,199,2,20150103,2015,"1988",1988,27,2,"0"
"589",588,"Sexy And I Know It","LMFAO","Aggressive",4,"Medium Tempo",1,"Urban",3,"Male",3,260,4,20120107,2012,"1975",1975,37,4,"1"
"590",589,"Adore You","MILEY CYRUS","Empowering",6,"Medium Tempo",1,"Pop",3,"Female",2,1351,6,20140111,2014,"1992",1992,22,1,"0"
"591",590,"Explosions","ELLIE GOULDING","Empowering",6,"Slow Tempo",0,"Electronica",1,"Female",2,301,6,20140301,2014,"1986",1986,28,2,"0"
"592",591,"I Bet My Life","IMAGINE DRAGONS","Yearning",4,"Medium Tempo",1,"Alternative & Punk",1,"Male",3,235,3,20141115,2014,"1979",1979,35,3,"0"
"593",592,"I Won","FUTURE featuring KANYE WEST","Sensual",2,"Slow Tempo",0,"Urban",3,"Male",3,231,3,20140510,2014,"1977",1977,37,4,"0"
"594",593,"My Hitta","YG X JEEZY X RICH HOMIE QUAN","Cool",5,"Medium Tempo",1,"Urban",3,"Male",3,227,3,20140104,2014,"0",1982,32,3,"0"
"595",594,"Not Afraid","EMINEM","Energizing",6,"Medium Tempo",1,"Urban",3,"Male",3,259,4,20100522,2010,"1974",1974,36,3,"1"
"596",595,"Classic","MKTO","Energizing",6,"Medium Tempo",1,"Pop",3,"Male",3,297,5,20140301,2014,"0",1982,32,3,"0"
"597",596,"Makes Me Wonder","MAROON5","Energizing",6,"Medium Tempo",1,"Pop",3,"Male",3,226,3,20070512,2007,"1979",1979,28,2,"1"
"598",597,"Girl In A Country Song","MADDIE & TAE","Upbeat",5,"Medium Tempo",1,"Traditional",2,"Female",2,212,3,20140816,2014,"0",1982,32,3,"0"
"599",598,"Buy U A Drank (Shawty Snappin')","T-PAIN featuring YUNG JOC","Energizing",6,"Fast Tempo",2,"Urban",3,"Male",3,243,4,20070526,2007,"1989",1989,18,NA,"1"
"600",599,"I Put A Spell On You","ANNIE LENNOX","Gritty",3,"Medium Tempo",1,"Pop",3,"Female",2,200,2,20150228,2015,"1954",1954,61,8,"0"
"601",600,"Crank That (Soulja Boy)","SOULJA BOY","Defiant",3,"Slow Tempo",0,"Urban",3,"Male",3,152,1,20070915,2007,"1990",1990,17,NA,"1"
"602",601,"6 God","DRAKE","Cool",5,"Medium Tempo",1,"Urban",3,"Male",3,357,6,20150307,2015,"1986",1986,29,2,"0"
"603",602,"Hollaback","GWEN STEFANI","Defiant",3,"Medium Tempo",1,"Pop",3,"Female",2,77,0,20050507,2005,"1969",1969,36,3,"1"
"604",603,"Drink To That All Night","JERROD NIEMANN","Upbeat",5,"Medium Tempo",1,"Traditional",2,"Male",3,267,4,20140118,2014,"0",1982,32,3,"0"
"605",604,"Look At You","BIG & RICH","Empowering",6,"Medium Tempo",1,"Traditional",2,"Male",3,235,3,20140920,2014,"0",1982,32,3,"0"
"606",605,"Love In This Club","USHER featuring YOUNG JEEZY","Sensual",2,"Medium Tempo",1,"Urban",3,"Male",3,198,2,20080315,2008,"1978",1978,30,2,"1"
"607",606,"Burn","ELLIE GOULDING","Energizing",6,"Medium Tempo",1,"Electronica",1,"Female",2,255,4,20140104,2014,"1986",1986,28,2,"0"
"608",607,"Shots","IMAGINE DRAGONS","Yearning",4,"Medium Tempo",1,"Alternative & Punk",1,"Male",3,523,6,20150214,2015,"1979",1979,36,3,"0"
"609",608,"Mmm Yeah","AUSTIN MAHONE featuring PITBULL","Excited",5,"Medium Tempo",1,"Urban",3,"Male",3,541,6,20140208,2014,"0",1982,32,3,"0"
"610",609,"Inside Your Heaven","CARRIE UNDERWOOD","Empowering",6,"Medium Tempo",1,"Traditional",2,"Female",2,205,2,20050702,2005,"1983",1983,22,1,"1"
"611",610,"When I Was Your Man","BRUNO MARS","Sophisticated",4,"Medium Tempo",1,"Pop",3,"Male",3,223,3,20130420,2013,"1985",1985,28,2,"1"
"612",611,"Chillin' It","COLE SWINDELL","Yearning",4,"Medium Tempo",1,"Traditional",2,"Male",3,206,2,20140104,2014,"1983",1983,31,2,"0"
"613",612,"Jungle","JAMIE N COMMONS & X AMBASSADORS","Defiant",3,"Medium Tempo",1,"Rock",1,"Male",3,235,3,20140628,2014,"0",1982,32,3,"0"
"614",613,"Boom Boom Pow","THE BLACK EYED PEAS","Cool",5,"Medium Tempo",1,"Urban",3,"Mixed",1,41,0,20090418,2009,"1975",1975,34,3,"1"
"615",614,"Last Friday Night (T.G.I.F.)","KATY PERRY","Excited",5,"Medium Tempo",1,"Pop",3,"Female",2,252,4,20110827,2011,"1984",1984,27,2,"1"
"616",615,"Rolling In The Deep","ADELE","Yearning",4,"Medium Tempo",1,"Pop",3,"Female",2,124,0,20110521,2011,"1988",1988,23,1,"1"
"617",616,"All Me","DRAKE featuring 2 CHAINZ & BIG SEAN","Defiant",3,"Medium Tempo",1,"Urban",3,"Male",3,163,1,20140104,2014,"1986",1986,28,2,"0"
"618",617,"Get Me Some Of That","THOMAS RHETT","Yearning",4,"Medium Tempo",1,"Traditional",2,"Male",3,220,3,20140125,2014,"1990",1990,24,1,"0"
"619",618,"How I Feel","FLO RIDA","Excited",5,"Medium Tempo",1,"Urban",3,"Male",3,258,4,20140125,2014,"1979",1979,35,3,"0"
"620",619,"Slow Motion","TREY SONGZ","Sensual",2,"Medium Tempo",1,"Urban",3,"Male",3,239,3,20150207,2015,"1984",1984,31,2,"0"
"621",620,"Heaven","JAKE WORTHINGTON","Empowering",6,"Slow Tempo",0,"Traditional",2,"Male",3,208,2,20140531,2014,"0",1982,32,3,"0"
"622",621,"California Gurls","KATY PERRY featuring SNOOP DOGG","Excited",5,"Medium Tempo",1,"Pop",3,"Mixed",1,235,3,20100619,2010,"1984",1984,26,1,"1"
"623",622,"Calm Down","BUSTA RHYMES featuring EMINEM","Defiant",3,"Medium Tempo",1,"Urban",3,"Male",3,211,3,20140719,2014,"1972",1972,42,5,"0"
"624",623,"Like A G6","FAR*EAST MOVEMENT featuring CATARACS & DEV","Sensual",2,"Medium Tempo",1,"Urban",3,"Male",3,309,6,20101030,2010,"1981",1981,29,2,"1"
"625",624,"We Dem Boyz","WIZ KHALIFA","Energizing",6,"Medium Tempo",1,"Urban",3,"Male",3,238,3,20140503,2014,"1987",1987,27,2,"0"
"626",625,"Headlights","EMINEM featuring NATE RUESS","Defiant",3,"Medium Tempo",1,"Urban",3,"Male",3,284,5,20140329,2014,"1972",1972,42,5,"0"
"627",626,"Work Bitch","BRITNEY SPEARS","Defiant",3,"Medium Tempo",1,"Pop",3,"Female",2,255,4,20140118,2014,"1981",1981,33,3,"0"
"628",627,"I Gotta Feeling","THE BLACK EYED PEAS","Empowering",6,"Medium Tempo",1,"Urban",3,"Mixed",1,174,1,20090711,2009,"1977",1977,32,3,"1"
"629",628,"Mean To Me","BRETT ELDREDGE","Yearning",4,"Medium Tempo",1,"Traditional",2,"Male",3,659,6,20141122,2014,"1986",1986,28,2,"0"
"630",629,"Uma Thurman","FALL OUT BOY","Excited",5,"Fast Tempo",2,"Alternative & Punk",1,"Male",3,1300,6,20150131,2015,"1984",1984,31,2,"0"
"631",630,"The Blower's Daughter","MATT McANDREW","Romantic",2,"Medium Tempo",1,"Pop",3,"Male",3,881,6,20141220,2014,"1990",1990,24,1,"0"
"632",631,"First Love","JENNIFER LOPEZ","Peaceful",1,"Slow Tempo",0,"Pop",3,"Female",2,238,3,20140705,2014,"1970",1970,44,5,"0"
"633",632,"No One","ALICIA KEYS","Sophisticated",4,"Slow Tempo",0,"Urban",3,"Female",2,157,1,20071201,2007,"1981",1981,26,1,"1"
"634",633,"She Came To Give It To You","USHER featuring NICKI MINAJ","Energizing",6,"Medium Tempo",1,"Urban",3,"Mixed",1,209,2,20140913,2014,"1982",1982,32,3,"0"
"635",634,"Wasted Love","MATT McANDREW","Sentimental",4,"Slow Tempo",0,"Pop",3,"Male",3,226,3,20150103,2015,"1990",1990,25,1,"0"
